,0,1,2,3,4,5,6
0,0.019123,10.0.0.1,10.0.0.11,UDP,1512,36977  >  5001 Len=1470,s1-eth2
1,0.023904,10.0.0.3,10.0.0.11,UDP,1512,37564  >  5001 Len=1470,s3-eth2
2,0.028685,10.0.0.5,10.0.0.11,UDP,1512,55051  >  5001 Len=1470,s5-eth2
3,0.033466,10.0.0.7,10.0.0.11,UDP,1512,44254  >  5001 Len=1470,s7-eth2
4,0.038247,10.0.0.1,10.0.0.11,UDP,1512,36977  >  5001 Len=1470,s1-eth2
5,0.043028,10.0.0.3,10.0.0.11,UDP,1512,37564  >  5001 Len=1470,s3-eth2
6,0.047809,10.0.0.4,10.0.0.11,UDP,1512,52862  >  5001 Len=1470,s4-eth2
7,0.052589,10.0.0.6,10.0.0.11,UDP,1512,52775  >  5001 Len=1470,s6-eth2
8,0.05737,10.0.0.1,10.0.0.11,UDP,1512,36977  >  5001 Len=1470,s1-eth2
9,0.062151,10.0.0.3,10.0.0.11,UDP,1512,37564  >  5001 Len=1470,s3-eth2
10,0.066932,10.0.0.3,10.0.0.11,UDP,1512,37564  >  5001 Len=1470,s3-eth2
11,0.071713,10.0.0.5,10.0.0.11,UDP,1512,55051  >  5001 Len=1470,s5-eth2
12,0.076494,10.0.0.1,10.0.0.11,UDP,1512,36977  >  5001 Len=1470,s1-eth2
13,0.081275,10.0.0.4,10.0.0.11,UDP,1512,52862  >  5001 Len=1470,s4-eth2
14,0.086056,10.0.0.5,10.0.0.11,UDP,1512,55051  >  5001 Len=1470,s5-eth2
15,0.090836,10.0.0.7,10.0.0.11,UDP,1512,44254  >  5001 Len=1470,s7-eth2
16,0.095617,10.0.0.1,10.0.0.11,UDP,1512,36977  >  5001 Len=1470,s1-eth2
17,0.100398,10.0.0.3,10.0.0.11,UDP,1512,37564  >  5001 Len=1470,s3-eth2
18,0.105179,10.0.0.4,10.0.0.11,UDP,1512,52862  >  5001 Len=1470,s4-eth2
19,0.10996,10.0.0.4,10.0.0.11,UDP,1512,52862  >  5001 Len=1470,s4-eth2
20,0.114741,10.0.0.1,10.0.0.11,UDP,1512,36977  >  5001 Len=1470,s1-eth2
21,0.119522,10.0.0.4,10.0.0.11,UDP,1512,52862  >  5001 Len=1470,s4-eth2
22,0.124302,10.0.0.3,10.0.0.11,UDP,1512,37564  >  5001 Len=1470,s3-eth2
23,0.129083,10.0.0.6,10.0.0.11,UDP,1512,52775  >  5001 Len=1470,s6-eth2
24,0.133864,10.0.0.1,10.0.0.11,UDP,1512,36977  >  5001 Len=1470,s1-eth2
25,0.138645,10.0.0.3,10.0.0.11,UDP,1512,37564  >  5001 Len=1470,s3-eth2
26,0.143426,10.0.0.5,10.0.0.11,UDP,1512,55051  >  5001 Len=1470,s5-eth2
27,0.148207,10.0.0.5,10.0.0.11,UDP,1512,55051  >  5001 Len=1470,s5-eth2
28,0.152988,10.0.0.1,10.0.0.11,UDP,1512,36977  >  5001 Len=1470,s1-eth2
29,0.157768,10.0.0.4,10.0.0.11,UDP,1512,52862  >  5001 Len=1470,s4-eth2
30,0.162549,10.0.0.4,10.0.0.11,UDP,1512,52862  >  5001 Len=1470,s4-eth2
31,0.16733,10.0.0.7,10.0.0.11,UDP,1512,44254  >  5001 Len=1470,s7-eth2
32,0.172111,10.0.0.1,10.0.0.11,UDP,1512,36977  >  5001 Len=1470,s1-eth2
33,0.176892,10.0.0.3,10.0.0.11,UDP,1512,37564  >  5001 Len=1470,s3-eth2
34,0.181673,10.0.0.6,10.0.0.11,UDP,1512,52775  >  5001 Len=1470,s6-eth2
35,0.186454,10.0.0.1,10.0.0.11,UDP,1512,36977  >  5001 Len=1470,s1-eth2
36,0.191234,10.0.0.1,10.0.0.11,UDP,1512,36977  >  5001 Len=1470,s1-eth2
37,0.200796,10.0.0.3,10.0.0.11,UDP,1512,37564  >  5001 Len=1470,s3-eth2
38,0.205577,10.0.0.4,10.0.0.11,UDP,1512,52862  >  5001 Len=1470,s4-eth2
39,0.210358,10.0.0.1,10.0.0.11,UDP,1512,36977  >  5001 Len=1470,s1-eth2
40,0.21992,10.0.0.5,10.0.0.11,UDP,1512,55051  >  5001 Len=1470,s5-eth2
41,0.2247,10.0.0.6,10.0.0.11,UDP,1512,52775  >  5001 Len=1470,s6-eth2
42,0.229481,10.0.0.2,10.0.0.11,UDP,1512,40157  >  5001 Len=1470,s2-eth2
43,0.239043,10.0.0.4,10.0.0.11,UDP,1512,52862  >  5001 Len=1470,s4-eth2
44,0.243824,10.0.0.5,10.0.0.11,UDP,1512,55051  >  5001 Len=1470,s5-eth2
45,0.248605,10.0.0.2,10.0.0.11,UDP,1512,40157  >  5001 Len=1470,s2-eth2
46,0.258167,10.0.0.6,10.0.0.11,UDP,1512,52775  >  5001 Len=1470,s6-eth2
47,0.262947,10.0.0.7,10.0.0.11,UDP,1512,44254  >  5001 Len=1470,s7-eth2
48,0.267728,10.0.0.2,10.0.0.11,UDP,1512,40157  >  5001 Len=1470,s2-eth2
49,0.27729,10.0.0.3,10.0.0.11,UDP,1512,37564  >  5001 Len=1470,s3-eth2
50,0.282071,10.0.0.8,10.0.0.11,UDP,1512,39376  >  5001 Len=1470,s8-eth2
51,0.286852,10.0.0.2,10.0.0.11,UDP,1512,40157  >  5001 Len=1470,s2-eth2
52,0.296413,10.0.0.5,10.0.0.11,UDP,1512,55051  >  5001 Len=1470,s5-eth2
53,0.301194,10.0.0.6,10.0.0.11,UDP,1512,52775  >  5001 Len=1470,s6-eth2
54,0.305975,10.0.0.2,10.0.0.11,UDP,1512,40157  >  5001 Len=1470,s2-eth2
55,0.315537,10.0.0.4,10.0.0.11,UDP,1512,52862  >  5001 Len=1470,s4-eth2
56,0.320318,10.0.0.5,10.0.0.11,UDP,1512,55051  >  5001 Len=1470,s5-eth2
57,0.325099,10.0.0.2,10.0.0.11,UDP,1512,40157  >  5001 Len=1470,s2-eth2
58,0.33466,10.0.0.3,10.0.0.11,UDP,1512,37564  >  5001 Len=1470,s3-eth2
59,0.339441,10.0.0.7,10.0.0.11,UDP,1512,44254  >  5001 Len=1470,s7-eth2
60,0.344222,10.0.0.1,10.0.0.11,UDP,1512,36977  >  5001 Len=1470,s1-eth2
61,0.358565,10.0.0.8,10.0.0.11,UDP,1512,39376  >  5001 Len=1470,s8-eth2
62,0.363345,10.0.0.2,10.0.0.11,UDP,1512,40157  >  5001 Len=1470,s2-eth2
63,0.377688,10.0.0.6,10.0.0.11,UDP,1512,52775  >  5001 Len=1470,s6-eth2
64,0.382469,10.0.0.2,10.0.0.11,UDP,1512,40157  >  5001 Len=1470,s2-eth2
65,0.396812,10.0.0.5,10.0.0.11,UDP,1512,55051  >  5001 Len=1470,s5-eth2
66,0.401592,10.0.0.2,10.0.0.11,UDP,1512,40157  >  5001 Len=1470,s2-eth2
67,0.415935,10.0.0.7,10.0.0.11,UDP,1512,44254  >  5001 Len=1470,s7-eth2
68,0.420716,10.0.0.2,10.0.0.11,UDP,1512,40157  >  5001 Len=1470,s2-eth2
69,0.435058,10.0.0.8,10.0.0.11,UDP,1512,39376  >  5001 Len=1470,s8-eth2
70,0.454182,10.0.0.6,10.0.0.11,UDP,1512,52775  >  5001 Len=1470,s6-eth2
71,0.473305,10.0.0.2,10.0.0.11,UDP,1512,40157  >  5001 Len=1470,s2-eth2
72,0.492429,10.0.0.7,10.0.0.11,UDP,1512,44254  >  5001 Len=1470,s7-eth2
73,0.511552,10.0.0.8,10.0.0.11,UDP,1512,39376  >  5001 Len=1470,s8-eth2
74,0.530676,10.0.0.6,10.0.0.11,UDP,1512,52775  >  5001 Len=1470,s6-eth2
75,0.549799,10.0.0.7,10.0.0.11,UDP,1512,44254  >  5001 Len=1470,s7-eth2
76,0.568923,10.0.0.8,10.0.0.11,UDP,1512,39376  >  5001 Len=1470,s8-eth2
77,0.588046,10.0.0.6,10.0.0.11,UDP,1512,52775  >  5001 Len=1470,s6-eth2
78,0.607169,10.0.0.8,10.0.0.11,UDP,1512,39376  >  5001 Len=1470,s8-eth2
79,0.626293,10.0.0.7,10.0.0.11,UDP,1512,44254  >  5001 Len=1470,s7-eth2
80,0.645416,10.0.0.7,10.0.0.11,UDP,1512,44254  >  5001 Len=1470,s7-eth2
81,0.66454,10.0.0.8,10.0.0.11,UDP,1512,39376  >  5001 Len=1470,s8-eth2
82,0.683663,10.0.0.8,10.0.0.11,UDP,1512,39376  >  5001 Len=1470,s8-eth2
83,0.702787,10.0.0.8,10.0.0.11,UDP,1512,39376  >  5001 Len=1470,s8-eth2
84,0.72191,10.0.0.8,10.0.0.11,UDP,1512,39376  >  5001 Len=1470,s8-eth2
85,0.741034,10.0.0.8,10.0.0.11,UDP,1512,39376  >  5001 Len=1470,s8-eth2
86,0.760157,10.0.0.9,10.0.0.11,UDP,1512,36953  >  5001 Len=1470,s9-eth2
87,0.77928,10.0.0.9,10.0.0.11,UDP,1512,36953  >  5001 Len=1470,s9-eth2
88,0.798404,10.0.0.9,10.0.0.11,UDP,1512,36953  >  5001 Len=1470,s9-eth2
89,0.817527,10.0.0.9,10.0.0.11,UDP,1512,36953  >  5001 Len=1470,s9-eth2
90,0.836651,10.0.0.9,10.0.0.11,UDP,1512,36953  >  5001 Len=1470,s9-eth2
91,0.855774,10.0.0.9,10.0.0.11,UDP,1512,36953  >  5001 Len=1470,s9-eth2
92,0.874898,10.0.0.9,10.0.0.11,UDP,1512,36953  >  5001 Len=1470,s9-eth2
93,0.894021,10.0.0.9,10.0.0.11,UDP,1512,36953  >  5001 Len=1470,s9-eth2
94,0.913145,10.0.0.3,10.0.0.11,UDP,1512,37564  >  5001 Len=1470,s3-eth2
95,0.932268,10.0.0.10,10.0.0.11,UDP,1512,33675  >  5001 Len=1470,s10-eth2
96,0.951391,10.0.0.9,10.0.0.11,UDP,1512,36953  >  5001 Len=1470,s9-eth2
97,0.970515,10.0.0.10,10.0.0.11,UDP,1512,33675  >  5001 Len=1470,s10-eth2
98,0.989638,10.0.0.1,10.0.0.11,UDP,1512,36977  >  5001 Len=1470,s1-eth2
99,1.008762,10.0.0.4,10.0.0.11,UDP,1512,52862  >  5001 Len=1470,s4-eth2
100,1.027885,10.0.0.9,10.0.0.11,UDP,1512,36953  >  5001 Len=1470,s9-eth2
101,1.047009,10.0.0.10,10.0.0.11,UDP,1512,33675  >  5001 Len=1470,s10-eth2
102,1.066132,10.0.0.9,10.0.0.11,UDP,1512,36953  >  5001 Len=1470,s9-eth2
103,1.085256,10.0.0.10,10.0.0.11,UDP,1512,33675  >  5001 Len=1470,s10-eth2
104,1.104379,10.0.0.5,10.0.0.11,UDP,1512,55051  >  5001 Len=1470,s5-eth2
105,1.123502,10.0.0.10,10.0.0.11,UDP,1512,33675  >  5001 Len=1470,s10-eth2
106,1.142626,10.0.0.2,10.0.0.11,UDP,1512,40157  >  5001 Len=1470,s2-eth2
107,1.161749,10.0.0.10,10.0.0.11,UDP,1512,33675  >  5001 Len=1470,s10-eth2
108,1.180873,10.0.0.10,10.0.0.11,UDP,1512,33675  >  5001 Len=1470,s10-eth2
109,1.199996,10.0.0.6,10.0.0.11,UDP,1512,52775  >  5001 Len=1470,s6-eth2
110,1.21912,10.0.0.10,10.0.0.11,UDP,1512,33675  >  5001 Len=1470,s10-eth2
111,1.238243,10.0.0.10,10.0.0.11,UDP,1512,33675  >  5001 Len=1470,s10-eth2
112,1.257367,10.0.0.7,10.0.0.11,UDP,1512,44254  >  5001 Len=1470,s7-eth2
113,1.27649,10.0.0.10,10.0.0.11,UDP,1512,33675  >  5001 Len=1470,s10-eth2
114,1.295614,10.0.0.8,10.0.0.11,UDP,1512,39376  >  5001 Len=1470,s8-eth2
115,1.314737,10.0.0.3,10.0.0.11,UDP,1512,37564  >  5001 Len=1470,s3-eth2
116,1.33386,10.0.0.1,10.0.0.11,UDP,1512,36977  >  5001 Len=1470,s1-eth2
117,1.352984,10.0.0.4,10.0.0.11,UDP,1512,52862  >  5001 Len=1470,s4-eth2
118,1.372107,10.0.0.5,10.0.0.11,UDP,1512,55051  >  5001 Len=1470,s5-eth2
119,1.391231,10.0.0.2,10.0.0.11,UDP,1512,40157  >  5001 Len=1470,s2-eth2
120,1.410354,10.0.0.6,10.0.0.11,UDP,1512,52775  >  5001 Len=1470,s6-eth2
121,1.429478,10.0.0.7,10.0.0.11,UDP,1512,44254  >  5001 Len=1470,s7-eth2
122,1.448601,10.0.0.8,10.0.0.11,UDP,1512,39376  >  5001 Len=1470,s8-eth2
123,1.467725,10.0.0.3,10.0.0.11,UDP,1512,37564  >  5001 Len=1470,s3-eth2
124,1.486848,10.0.0.1,10.0.0.11,UDP,1512,36977  >  5001 Len=1470,s1-eth2
125,1.505971,10.0.0.2,10.0.0.11,UDP,1512,40157  >  5001 Len=1470,s2-eth2
126,1.525095,10.0.0.1,10.0.0.11,UDP,1512,36977  >  5001 Len=1470,s1-eth2
127,1.544218,10.0.0.1,10.0.0.11,UDP,1512,60534  >  5001 Len=1470,s1-eth2
128,1.563342,10.0.0.1,10.0.0.11,UDP,1512,60534  >  5001 Len=1470,s1-eth2
129,1.582465,10.0.0.1,10.0.0.11,UDP,1512,60534  >  5001 Len=1470,s1-eth2
130,1.601589,10.0.0.1,10.0.0.11,UDP,1512,60534  >  5001 Len=1470,s1-eth2
131,1.620712,10.0.0.1,10.0.0.11,UDP,1512,60534  >  5001 Len=1470,s1-eth2
132,1.639836,10.0.0.1,10.0.0.11,UDP,1512,60534  >  5001 Len=1470,s1-eth2
133,1.658959,10.0.0.1,10.0.0.11,UDP,1512,60534  >  5001 Len=1470,s1-eth2
134,1.678082,10.0.0.1,10.0.0.11,UDP,1512,60534  >  5001 Len=1470,s1-eth2
135,1.697206,10.0.0.1,10.0.0.11,UDP,1512,60534  >  5001 Len=1470,s1-eth2
136,1.716329,10.0.0.1,10.0.0.11,UDP,1512,60534  >  5001 Len=1470,s1-eth2
137,1.735453,10.0.0.1,10.0.0.11,UDP,1512,60534  >  5001 Len=1470,s1-eth2
138,1.754576,10.0.0.2,10.0.0.11,UDP,1512,49631  >  5001 Len=1470,s2-eth2
139,1.7737,10.0.0.2,10.0.0.11,UDP,1512,49631  >  5001 Len=1470,s2-eth2
140,1.792823,10.0.0.2,10.0.0.11,UDP,1512,49631  >  5001 Len=1470,s2-eth2
141,1.811947,10.0.0.2,10.0.0.11,UDP,1512,49631  >  5001 Len=1470,s2-eth2
142,1.83107,10.0.0.2,10.0.0.11,UDP,1512,49631  >  5001 Len=1470,s2-eth2
143,1.850193,10.0.0.2,10.0.0.11,UDP,1512,49631  >  5001 Len=1470,s2-eth2
144,1.869317,10.0.0.1,10.0.0.11,UDP,1512,60534  >  5001 Len=1470,s1-eth2
145,1.88844,10.0.0.2,10.0.0.11,UDP,1512,49631  >  5001 Len=1470,s2-eth2
146,1.907564,10.0.0.2,10.0.0.11,UDP,1512,49631  >  5001 Len=1470,s2-eth2
147,1.926687,10.0.0.2,10.0.0.11,UDP,1512,49631  >  5001 Len=1470,s2-eth2
148,1.945811,10.0.0.2,10.0.0.11,UDP,1512,49631  >  5001 Len=1470,s2-eth2
149,1.964934,10.0.0.3,10.0.0.11,UDP,1512,37469  >  5001 Len=1470,s3-eth2
150,1.984058,10.0.0.3,10.0.0.11,UDP,1512,37469  >  5001 Len=1470,s3-eth2
151,2.003181,10.0.0.3,10.0.0.11,UDP,1512,37469  >  5001 Len=1470,s3-eth2
152,2.022304,10.0.0.4,10.0.0.11,UDP,1512,55851  >  5001 Len=1470,s4-eth2
153,2.041428,10.0.0.3,10.0.0.11,UDP,1512,37469  >  5001 Len=1470,s3-eth2
154,2.060551,10.0.0.4,10.0.0.11,UDP,1512,55851  >  5001 Len=1470,s4-eth2
155,2.079675,10.0.0.3,10.0.0.11,UDP,1512,37469  >  5001 Len=1470,s3-eth2
156,2.098798,10.0.0.4,10.0.0.11,UDP,1512,55851  >  5001 Len=1470,s4-eth2
157,2.117922,10.0.0.3,10.0.0.11,UDP,1512,37469  >  5001 Len=1470,s3-eth2
158,2.137045,10.0.0.5,10.0.0.11,UDP,1512,33020  >  5001 Len=1470,s5-eth2
159,2.156169,10.0.0.4,10.0.0.11,UDP,1512,55851  >  5001 Len=1470,s4-eth2
160,2.175292,10.0.0.3,10.0.0.11,UDP,1512,37469  >  5001 Len=1470,s3-eth2
161,2.194416,10.0.0.5,10.0.0.11,UDP,1512,33020  >  5001 Len=1470,s5-eth2
162,2.213539,10.0.0.4,10.0.0.11,UDP,1512,55851  >  5001 Len=1470,s4-eth2
163,2.232662,10.0.0.3,10.0.0.11,UDP,1512,37469  >  5001 Len=1470,s3-eth2
164,2.251786,10.0.0.5,10.0.0.11,UDP,1512,33020  >  5001 Len=1470,s5-eth2
165,2.270909,10.0.0.4,10.0.0.11,UDP,1512,55851  >  5001 Len=1470,s4-eth2
166,2.290033,10.0.0.6,10.0.0.11,UDP,1512,33984  >  5001 Len=1470,s6-eth2
167,2.309156,10.0.0.3,10.0.0.11,UDP,1512,37469  >  5001 Len=1470,s3-eth2
168,2.32828,10.0.0.5,10.0.0.11,UDP,1512,33020  >  5001 Len=1470,s5-eth2
169,2.347403,10.0.0.4,10.0.0.11,UDP,1512,55851  >  5001 Len=1470,s4-eth2
170,2.366527,10.0.0.6,10.0.0.11,UDP,1512,33984  >  5001 Len=1470,s6-eth2
171,2.38565,10.0.0.3,10.0.0.11,UDP,1512,37469  >  5001 Len=1470,s3-eth2
172,2.404773,10.0.0.5,10.0.0.11,UDP,1512,33020  >  5001 Len=1470,s5-eth2
173,2.423897,10.0.0.7,10.0.0.11,UDP,1512,47392  >  5001 Len=1470,s7-eth2
174,2.44302,10.0.0.4,10.0.0.11,UDP,1512,55851  >  5001 Len=1470,s4-eth2
175,2.462144,10.0.0.6,10.0.0.11,UDP,1512,33984  >  5001 Len=1470,s6-eth2
176,2.481267,10.0.0.3,10.0.0.11,UDP,1512,37469  >  5001 Len=1470,s3-eth2
177,2.500391,10.0.0.5,10.0.0.11,UDP,1512,33020  >  5001 Len=1470,s5-eth2
178,2.519514,10.0.0.7,10.0.0.11,UDP,1512,47392  >  5001 Len=1470,s7-eth2
179,2.538638,10.0.0.4,10.0.0.11,UDP,1512,55851  >  5001 Len=1470,s4-eth2
180,2.557761,10.0.0.6,10.0.0.11,UDP,1512,33984  >  5001 Len=1470,s6-eth2
181,2.576884,10.0.0.5,10.0.0.11,UDP,1512,33020  >  5001 Len=1470,s5-eth2
182,2.596008,10.0.0.1,10.0.0.11,UDP,1512,60534  >  5001 Len=1470,s1-eth2
183,2.615131,10.0.0.7,10.0.0.11,UDP,1512,47392  >  5001 Len=1470,s7-eth2
184,2.634255,10.0.0.4,10.0.0.11,UDP,1512,55851  >  5001 Len=1470,s4-eth2
185,2.653378,10.0.0.6,10.0.0.11,UDP,1512,33984  >  5001 Len=1470,s6-eth2
186,2.672502,10.0.0.5,10.0.0.11,UDP,1512,33020  >  5001 Len=1470,s5-eth2
187,2.691625,10.0.0.7,10.0.0.11,UDP,1512,47392  >  5001 Len=1470,s7-eth2
188,2.710749,10.0.0.8,10.0.0.11,UDP,1512,55430  >  5001 Len=1470,s8-eth2
189,2.729872,10.0.0.6,10.0.0.11,UDP,1512,33984  >  5001 Len=1470,s6-eth2
190,2.748995,10.0.0.5,10.0.0.11,UDP,1512,33020  >  5001 Len=1470,s5-eth2
191,2.768119,10.0.0.7,10.0.0.11,UDP,1512,47392  >  5001 Len=1470,s7-eth2
192,2.787242,10.0.0.8,10.0.0.11,UDP,1512,55430  >  5001 Len=1470,s8-eth2
193,2.806366,10.0.0.6,10.0.0.11,UDP,1512,33984  >  5001 Len=1470,s6-eth2
194,2.825489,10.0.0.5,10.0.0.11,UDP,1512,33020  >  5001 Len=1470,s5-eth2
195,2.844613,10.0.0.8,10.0.0.11,UDP,1512,55430  >  5001 Len=1470,s8-eth2
196,2.863736,10.0.0.7,10.0.0.11,UDP,1512,47392  >  5001 Len=1470,s7-eth2
197,2.88286,10.0.0.6,10.0.0.11,UDP,1512,33984  >  5001 Len=1470,s6-eth2
198,2.901983,10.0.0.2,10.0.0.11,UDP,1512,49631  >  5001 Len=1470,s2-eth2
199,2.921106,10.0.0.7,10.0.0.11,UDP,1512,47392  >  5001 Len=1470,s7-eth2
200,2.94023,10.0.0.8,10.0.0.11,UDP,1512,55430  >  5001 Len=1470,s8-eth2
201,2.959353,10.0.0.6,10.0.0.11,UDP,1512,33984  >  5001 Len=1470,s6-eth2
202,2.978477,10.0.0.7,10.0.0.11,UDP,1512,47392  >  5001 Len=1470,s7-eth2
203,2.9976,10.0.0.8,10.0.0.11,UDP,1512,55430  >  5001 Len=1470,s8-eth2
204,3.016724,10.0.0.6,10.0.0.11,UDP,1512,33984  >  5001 Len=1470,s6-eth2
205,3.035847,10.0.0.7,10.0.0.11,UDP,1512,47392  >  5001 Len=1470,s7-eth2
206,3.054971,10.0.0.8,10.0.0.11,UDP,1512,55430  >  5001 Len=1470,s8-eth2
207,3.074094,10.0.0.6,10.0.0.11,UDP,1512,33984  >  5001 Len=1470,s6-eth2
208,3.093218,10.0.0.8,10.0.0.11,UDP,1512,55430  >  5001 Len=1470,s8-eth2
209,3.112341,10.0.0.7,10.0.0.11,UDP,1512,47392  >  5001 Len=1470,s7-eth2
210,3.131464,10.0.0.8,10.0.0.11,UDP,1512,55430  >  5001 Len=1470,s8-eth2
211,3.150588,10.0.0.8,10.0.0.11,UDP,1512,55430  >  5001 Len=1470,s8-eth2
212,3.169711,10.0.0.8,10.0.0.11,UDP,1512,55430  >  5001 Len=1470,s8-eth2
213,3.188835,10.0.0.9,10.0.0.11,UDP,1512,39359  >  5001 Len=1470,s9-eth2
214,3.207958,10.0.0.9,10.0.0.11,UDP,1512,39359  >  5001 Len=1470,s9-eth2
215,3.227082,10.0.0.9,10.0.0.11,UDP,1512,39359  >  5001 Len=1470,s9-eth2
216,3.246205,10.0.0.9,10.0.0.11,UDP,1512,39359  >  5001 Len=1470,s9-eth2
217,3.265329,10.0.0.9,10.0.0.11,UDP,1512,39359  >  5001 Len=1470,s9-eth2
218,3.284452,10.0.0.9,10.0.0.11,UDP,1512,39359  >  5001 Len=1470,s9-eth2
219,3.303575,10.0.0.9,10.0.0.11,UDP,1512,39359  >  5001 Len=1470,s9-eth2
220,3.322699,10.0.0.9,10.0.0.11,UDP,1512,39359  >  5001 Len=1470,s9-eth2
221,3.341822,10.0.0.3,10.0.0.11,UDP,1512,37469  >  5001 Len=1470,s3-eth2
222,3.360946,10.0.0.10,10.0.0.11,UDP,1512,56849  >  5001 Len=1470,s10-eth2
223,3.380069,10.0.0.9,10.0.0.11,UDP,1512,39359  >  5001 Len=1470,s9-eth2
224,3.399193,10.0.0.10,10.0.0.11,UDP,1512,56849  >  5001 Len=1470,s10-eth2
225,3.418316,10.0.0.1,10.0.0.11,UDP,1512,60534  >  5001 Len=1470,s1-eth2
226,3.43744,10.0.0.4,10.0.0.11,UDP,1512,55851  >  5001 Len=1470,s4-eth2
227,3.456563,10.0.0.9,10.0.0.11,UDP,1512,39359  >  5001 Len=1470,s9-eth2
228,3.475686,10.0.0.10,10.0.0.11,UDP,1512,56849  >  5001 Len=1470,s10-eth2
229,3.49481,10.0.0.10,10.0.0.11,UDP,1512,56849  >  5001 Len=1470,s10-eth2
230,3.513933,10.0.0.10,10.0.0.11,UDP,1512,56849  >  5001 Len=1470,s10-eth2
231,3.533057,10.0.0.5,10.0.0.11,UDP,1512,33020  >  5001 Len=1470,s5-eth2
232,3.55218,10.0.0.2,10.0.0.11,UDP,1512,49631  >  5001 Len=1470,s2-eth2
233,3.571304,10.0.0.10,10.0.0.11,UDP,1512,56849  >  5001 Len=1470,s10-eth2
234,3.590427,10.0.0.10,10.0.0.11,UDP,1512,56849  >  5001 Len=1470,s10-eth2
235,3.609551,10.0.0.10,10.0.0.11,UDP,1512,56849  >  5001 Len=1470,s10-eth2
236,3.628674,10.0.0.6,10.0.0.11,UDP,1512,33984  >  5001 Len=1470,s6-eth2
237,3.647797,10.0.0.10,10.0.0.11,UDP,1512,56849  >  5001 Len=1470,s10-eth2
238,3.666921,10.0.0.7,10.0.0.11,UDP,1512,47392  >  5001 Len=1470,s7-eth2
239,3.686044,10.0.0.10,10.0.0.11,UDP,1512,56849  >  5001 Len=1470,s10-eth2
240,3.705168,10.0.0.10,10.0.0.11,UDP,1512,56849  >  5001 Len=1470,s10-eth2
241,3.724291,10.0.0.8,10.0.0.11,UDP,1512,55430  >  5001 Len=1470,s8-eth2
242,3.743415,10.0.0.3,10.0.0.11,UDP,1512,37469  >  5001 Len=1470,s3-eth2
243,3.762538,10.0.0.1,10.0.0.11,UDP,1512,60534  >  5001 Len=1470,s1-eth2
244,3.781662,10.0.0.4,10.0.0.11,UDP,1512,55851  >  5001 Len=1470,s4-eth2
245,3.800785,10.0.0.5,10.0.0.11,UDP,1512,33020  >  5001 Len=1470,s5-eth2
246,3.819908,10.0.0.2,10.0.0.11,UDP,1512,49631  >  5001 Len=1470,s2-eth2
247,3.839032,10.0.0.6,10.0.0.11,UDP,1512,33984  >  5001 Len=1470,s6-eth2
248,3.858155,10.0.0.7,10.0.0.11,UDP,1512,47392  >  5001 Len=1470,s7-eth2
249,3.877279,10.0.0.8,10.0.0.11,UDP,1512,55430  >  5001 Len=1470,s8-eth2
250,3.896402,10.0.0.3,10.0.0.11,UDP,1512,37469  >  5001 Len=1470,s3-eth2
251,3.915526,10.0.0.1,10.0.0.11,UDP,1512,60534  >  5001 Len=1470,s1-eth2
252,3.934649,10.0.0.2,10.0.0.11,UDP,1512,49631  >  5001 Len=1470,s2-eth2
253,3.953773,10.0.0.1,10.0.0.11,UDP,1512,60534  >  5001 Len=1470,s1-eth2
254,3.972896,10.0.0.1,10.0.0.11,UDP,1512,52476  >  5001 Len=1470,s1-eth2
255,3.99202,10.0.0.1,10.0.0.11,UDP,1512,52476  >  5001 Len=1470,s1-eth2
256,4.011143,10.0.0.1,10.0.0.11,UDP,1512,52476  >  5001 Len=1470,s1-eth2
257,4.030266,10.0.0.1,10.0.0.11,UDP,1512,52476  >  5001 Len=1470,s1-eth2
258,4.04939,10.0.0.1,10.0.0.11,UDP,1512,52476  >  5001 Len=1470,s1-eth2
259,4.068513,10.0.0.1,10.0.0.11,UDP,1512,52476  >  5001 Len=1470,s1-eth2
260,4.087637,10.0.0.1,10.0.0.11,UDP,1512,52476  >  5001 Len=1470,s1-eth2
261,4.10676,10.0.0.1,10.0.0.11,UDP,1512,52476  >  5001 Len=1470,s1-eth2
262,4.125884,10.0.0.1,10.0.0.11,UDP,1512,52476  >  5001 Len=1470,s1-eth2
263,4.145007,10.0.0.1,10.0.0.11,UDP,1512,52476  >  5001 Len=1470,s1-eth2
264,4.164131,10.0.0.2,10.0.0.11,UDP,1512,43624  >  5001 Len=1470,s2-eth2
265,4.183254,10.0.0.2,10.0.0.11,UDP,1512,43624  >  5001 Len=1470,s2-eth2
266,4.202377,10.0.0.2,10.0.0.11,UDP,1512,43624  >  5001 Len=1470,s2-eth2
267,4.221501,10.0.0.2,10.0.0.11,UDP,1512,43624  >  5001 Len=1470,s2-eth2
268,4.240624,10.0.0.2,10.0.0.11,UDP,1512,43624  >  5001 Len=1470,s2-eth2
269,4.259748,10.0.0.1,10.0.0.11,UDP,1512,52476  >  5001 Len=1470,s1-eth2
270,4.278871,10.0.0.2,10.0.0.11,UDP,1512,43624  >  5001 Len=1470,s2-eth2
271,4.297995,10.0.0.2,10.0.0.11,UDP,1512,43624  >  5001 Len=1470,s2-eth2
272,4.317118,10.0.0.2,10.0.0.11,UDP,1512,43624  >  5001 Len=1470,s2-eth2
273,4.336242,10.0.0.2,10.0.0.11,UDP,1512,43624  >  5001 Len=1470,s2-eth2
274,4.355365,10.0.0.2,10.0.0.11,UDP,1512,43624  >  5001 Len=1470,s2-eth2
275,4.374488,10.0.0.2,10.0.0.11,UDP,1512,43624  >  5001 Len=1470,s2-eth2
276,4.393612,10.0.0.3,10.0.0.11,UDP,1512,42679  >  5001 Len=1470,s3-eth2
277,4.412735,10.0.0.3,10.0.0.11,UDP,1512,42679  >  5001 Len=1470,s3-eth2
278,4.431859,10.0.0.3,10.0.0.11,UDP,1512,42679  >  5001 Len=1470,s3-eth2
279,4.450982,10.0.0.4,10.0.0.11,UDP,1512,50919  >  5001 Len=1470,s4-eth2
280,4.470106,10.0.0.3,10.0.0.11,UDP,1512,42679  >  5001 Len=1470,s3-eth2
281,4.489229,10.0.0.4,10.0.0.11,UDP,1512,50919  >  5001 Len=1470,s4-eth2
282,4.508353,10.0.0.3,10.0.0.11,UDP,1512,42679  >  5001 Len=1470,s3-eth2
283,4.527476,10.0.0.4,10.0.0.11,UDP,1512,50919  >  5001 Len=1470,s4-eth2
284,4.546599,10.0.0.3,10.0.0.11,UDP,1512,42679  >  5001 Len=1470,s3-eth2
285,4.565723,10.0.0.5,10.0.0.11,UDP,1512,46403  >  5001 Len=1470,s5-eth2
286,4.584846,10.0.0.4,10.0.0.11,UDP,1512,50919  >  5001 Len=1470,s4-eth2
287,4.60397,10.0.0.3,10.0.0.11,UDP,1512,42679  >  5001 Len=1470,s3-eth2
288,4.623093,10.0.0.5,10.0.0.11,UDP,1512,46403  >  5001 Len=1470,s5-eth2
289,4.642217,10.0.0.4,10.0.0.11,UDP,1512,50919  >  5001 Len=1470,s4-eth2
290,4.66134,10.0.0.3,10.0.0.11,UDP,1512,42679  >  5001 Len=1470,s3-eth2
291,4.680464,10.0.0.5,10.0.0.11,UDP,1512,46403  >  5001 Len=1470,s5-eth2
292,4.699587,10.0.0.6,10.0.0.11,UDP,1512,58051  >  5001 Len=1470,s6-eth2
293,4.71871,10.0.0.4,10.0.0.11,UDP,1512,50919  >  5001 Len=1470,s4-eth2
294,4.737834,10.0.0.3,10.0.0.11,UDP,1512,42679  >  5001 Len=1470,s3-eth2
295,4.756957,10.0.0.5,10.0.0.11,UDP,1512,46403  >  5001 Len=1470,s5-eth2
296,4.776081,10.0.0.6,10.0.0.11,UDP,1512,58051  >  5001 Len=1470,s6-eth2
297,4.795204,10.0.0.3,10.0.0.11,UDP,1512,42679  >  5001 Len=1470,s3-eth2
298,4.814328,10.0.0.5,10.0.0.11,UDP,1512,46403  >  5001 Len=1470,s5-eth2
299,4.833451,10.0.0.7,10.0.0.11,UDP,1512,49779  >  5001 Len=1470,s7-eth2
300,4.852575,10.0.0.6,10.0.0.11,UDP,1512,58051  >  5001 Len=1470,s6-eth2
301,4.871698,10.0.0.4,10.0.0.11,UDP,1512,50919  >  5001 Len=1470,s4-eth2
302,4.890822,10.0.0.4,10.0.0.11,UDP,1512,50919  >  5001 Len=1470,s4-eth2
303,4.909945,10.0.0.1,10.0.0.11,UDP,1512,52476  >  5001 Len=1470,s1-eth2
304,4.929068,10.0.0.5,10.0.0.11,UDP,1512,46403  >  5001 Len=1470,s5-eth2
305,4.948192,10.0.0.7,10.0.0.11,UDP,1512,49779  >  5001 Len=1470,s7-eth2
306,4.967315,10.0.0.4,10.0.0.11,UDP,1512,50919  >  5001 Len=1470,s4-eth2
307,4.986439,10.0.0.6,10.0.0.11,UDP,1512,58051  >  5001 Len=1470,s6-eth2
308,5.005562,10.0.0.5,10.0.0.11,UDP,1512,46403  >  5001 Len=1470,s5-eth2
309,5.024686,10.0.0.7,10.0.0.11,UDP,1512,49779  >  5001 Len=1470,s7-eth2
310,5.043809,10.0.0.4,10.0.0.11,UDP,1512,50919  >  5001 Len=1470,s4-eth2
311,5.062933,10.0.0.6,10.0.0.11,UDP,1512,58051  >  5001 Len=1470,s6-eth2
312,5.082056,10.0.0.5,10.0.0.11,UDP,1512,46403  >  5001 Len=1470,s5-eth2
313,5.101179,10.0.0.8,10.0.0.11,UDP,1512,36009  >  5001 Len=1470,s8-eth2
314,5.120303,10.0.0.7,10.0.0.11,UDP,1512,49779  >  5001 Len=1470,s7-eth2
315,5.139426,10.0.0.4,10.0.0.11,UDP,1512,50919  >  5001 Len=1470,s4-eth2
316,5.15855,10.0.0.6,10.0.0.11,UDP,1512,58051  >  5001 Len=1470,s6-eth2
317,5.177673,10.0.0.5,10.0.0.11,UDP,1512,46403  >  5001 Len=1470,s5-eth2
318,5.196797,10.0.0.7,10.0.0.11,UDP,1512,49779  >  5001 Len=1470,s7-eth2
319,5.21592,10.0.0.8,10.0.0.11,UDP,1512,36009  >  5001 Len=1470,s8-eth2
320,5.235044,10.0.0.6,10.0.0.11,UDP,1512,58051  >  5001 Len=1470,s6-eth2
321,5.254167,10.0.0.5,10.0.0.11,UDP,1512,46403  >  5001 Len=1470,s5-eth2
322,5.27329,10.0.0.8,10.0.0.11,UDP,1512,36009  >  5001 Len=1470,s8-eth2
323,5.292414,10.0.0.7,10.0.0.11,UDP,1512,49779  >  5001 Len=1470,s7-eth2
324,5.311537,10.0.0.6,10.0.0.11,UDP,1512,58051  >  5001 Len=1470,s6-eth2
325,5.330661,10.0.0.7,10.0.0.11,UDP,1512,49779  >  5001 Len=1470,s7-eth2
326,5.349784,10.0.0.8,10.0.0.11,UDP,1512,36009  >  5001 Len=1470,s8-eth2
327,5.368908,10.0.0.6,10.0.0.11,UDP,1512,58051  >  5001 Len=1470,s6-eth2
328,5.388031,10.0.0.2,10.0.0.11,UDP,1512,43624  >  5001 Len=1470,s2-eth2
329,5.407155,10.0.0.7,10.0.0.11,UDP,1512,49779  >  5001 Len=1470,s7-eth2
330,5.426278,10.0.0.8,10.0.0.11,UDP,1512,36009  >  5001 Len=1470,s8-eth2
331,5.445401,10.0.0.6,10.0.0.11,UDP,1512,58051  >  5001 Len=1470,s6-eth2
332,5.464525,10.0.0.7,10.0.0.11,UDP,1512,49779  >  5001 Len=1470,s7-eth2
333,5.483648,10.0.0.8,10.0.0.11,UDP,1512,36009  >  5001 Len=1470,s8-eth2
334,5.502772,10.0.0.6,10.0.0.11,UDP,1512,58051  >  5001 Len=1470,s6-eth2
335,5.521895,10.0.0.7,10.0.0.11,UDP,1512,49779  >  5001 Len=1470,s7-eth2
336,5.541019,10.0.0.8,10.0.0.11,UDP,1512,36009  >  5001 Len=1470,s8-eth2
337,5.560142,10.0.0.8,10.0.0.11,UDP,1512,36009  >  5001 Len=1470,s8-eth2
338,5.579266,10.0.0.8,10.0.0.11,UDP,1512,36009  >  5001 Len=1470,s8-eth2
339,5.598389,10.0.0.8,10.0.0.11,UDP,1512,36009  >  5001 Len=1470,s8-eth2
340,5.617512,10.0.0.9,10.0.0.11,UDP,1512,50954  >  5001 Len=1470,s9-eth2
341,5.636636,10.0.0.9,10.0.0.11,UDP,1512,50954  >  5001 Len=1470,s9-eth2
342,5.655759,10.0.0.9,10.0.0.11,UDP,1512,50954  >  5001 Len=1470,s9-eth2
343,5.674883,10.0.0.9,10.0.0.11,UDP,1512,50954  >  5001 Len=1470,s9-eth2
344,5.694006,10.0.0.9,10.0.0.11,UDP,1512,50954  >  5001 Len=1470,s9-eth2
345,5.71313,10.0.0.9,10.0.0.11,UDP,1512,50954  >  5001 Len=1470,s9-eth2
346,5.732253,10.0.0.9,10.0.0.11,UDP,1512,50954  >  5001 Len=1470,s9-eth2
347,5.751377,10.0.0.3,10.0.0.11,UDP,1512,42679  >  5001 Len=1470,s3-eth2
348,5.7705,10.0.0.9,10.0.0.11,UDP,1512,50954  >  5001 Len=1470,s9-eth2
349,5.789624,10.0.0.10,10.0.0.11,UDP,1512,46932  >  5001 Len=1470,s10-eth2
350,5.808747,10.0.0.1,10.0.0.11,UDP,1512,52476  >  5001 Len=1470,s1-eth2
351,5.82787,10.0.0.9,10.0.0.11,UDP,1512,50954  >  5001 Len=1470,s9-eth2
352,5.846994,10.0.0.10,10.0.0.11,UDP,1512,46932  >  5001 Len=1470,s10-eth2
353,5.866117,10.0.0.9,10.0.0.11,UDP,1512,50954  >  5001 Len=1470,s9-eth2
354,5.885241,10.0.0.10,10.0.0.11,UDP,1512,46932  >  5001 Len=1470,s10-eth2
355,5.904364,10.0.0.4,10.0.0.11,UDP,1512,50919  >  5001 Len=1470,s4-eth2
356,5.923488,10.0.0.10,10.0.0.11,UDP,1512,46932  >  5001 Len=1470,s10-eth2
357,5.942611,10.0.0.10,10.0.0.11,UDP,1512,46932  >  5001 Len=1470,s10-eth2
358,5.961735,10.0.0.5,10.0.0.11,UDP,1512,46403  >  5001 Len=1470,s5-eth2
359,5.980858,10.0.0.10,10.0.0.11,UDP,1512,46932  >  5001 Len=1470,s10-eth2
360,5.999981,10.0.0.2,10.0.0.11,UDP,1512,43624  >  5001 Len=1470,s2-eth2
361,6.019105,10.0.0.10,10.0.0.11,UDP,1512,46932  >  5001 Len=1470,s10-eth2
362,6.038228,10.0.0.10,10.0.0.11,UDP,1512,46932  >  5001 Len=1470,s10-eth2
363,6.057352,10.0.0.6,10.0.0.11,UDP,1512,58051  >  5001 Len=1470,s6-eth2
364,6.076475,10.0.0.10,10.0.0.11,UDP,1512,46932  >  5001 Len=1470,s10-eth2
365,6.095599,10.0.0.7,10.0.0.11,UDP,1512,49779  >  5001 Len=1470,s7-eth2
366,6.114722,10.0.0.10,10.0.0.11,UDP,1512,46932  >  5001 Len=1470,s10-eth2
367,6.133846,10.0.0.8,10.0.0.11,UDP,1512,36009  >  5001 Len=1470,s8-eth2
368,6.152969,10.0.0.3,10.0.0.11,UDP,1512,42679  >  5001 Len=1470,s3-eth2
369,6.172092,10.0.0.1,10.0.0.11,UDP,1512,52476  >  5001 Len=1470,s1-eth2
370,6.191216,10.0.0.4,10.0.0.11,UDP,1512,50919  >  5001 Len=1470,s4-eth2
371,6.210339,10.0.0.5,10.0.0.11,UDP,1512,46403  >  5001 Len=1470,s5-eth2
372,6.229463,10.0.0.2,10.0.0.11,UDP,1512,43624  >  5001 Len=1470,s2-eth2
373,6.248586,10.0.0.6,10.0.0.11,UDP,1512,58051  >  5001 Len=1470,s6-eth2
374,6.26771,10.0.0.8,10.0.0.11,UDP,1512,36009  >  5001 Len=1470,s8-eth2
375,6.286833,10.0.0.3,10.0.0.11,UDP,1512,42679  >  5001 Len=1470,s3-eth2
376,6.305957,10.0.0.1,10.0.0.11,UDP,1512,52476  >  5001 Len=1470,s1-eth2
377,6.32508,10.0.0.2,10.0.0.11,UDP,1512,43624  >  5001 Len=1470,s2-eth2
378,6.344203,10.0.0.1,10.0.0.11,UDP,1512,52476  >  5001 Len=1470,s1-eth2
