"No.","Time","Source","Destination","Protocol","Length","Info"
"1","0.000000000","10.0.0.1","10.0.0.11","UDP","1512","44203  >  5001 Len=1470"
"2","0.004427679","10.0.0.1","10.0.0.11","UDP","1512","44203  >  5001 Len=1470"
"3","0.008013585","10.0.0.1","10.0.0.11","UDP","1512","44203  >  5001 Len=1470"
"4","0.011008303","10.0.0.1","10.0.0.11","UDP","1512","44203  >  5001 Len=1470"
"5","0.015224051","10.0.0.1","10.0.0.11","UDP","1512","44203  >  5001 Len=1470"
"6","0.019415703","10.0.0.1","10.0.0.11","UDP","1512","44203  >  5001 Len=1470"
"7","0.022419969","10.0.0.1","10.0.0.11","UDP","1512","44203  >  5001 Len=1470"
"8","0.026431230","10.0.0.1","10.0.0.11","UDP","1512","44203  >  5001 Len=1470"
"9","0.030484209","10.0.0.1","10.0.0.11","UDP","1512","44203  >  5001 Len=1470"
"10","0.033586341","10.0.0.1","10.0.0.11","UDP","1512","44203  >  5001 Len=1470"
"11","0.037427690","10.0.0.1","10.0.0.11","UDP","1512","44203  >  5001 Len=1470"
"12","0.041430265","10.0.0.1","10.0.0.11","UDP","1512","44203  >  5001 Len=1470"
"13","0.045692221","10.0.0.1","10.0.0.11","UDP","1512","44203  >  5001 Len=1470"
"14","0.048632826","10.0.0.1","10.0.0.11","UDP","1512","44203  >  5001 Len=1470"
"15","0.052652473","10.0.0.1","10.0.0.11","UDP","1512","44203  >  5001 Len=1470"
"16","0.056633266","10.0.0.1","10.0.0.11","UDP","1512","44203  >  5001 Len=1470"
"17","0.060434680","10.0.0.1","10.0.0.11","UDP","1512","44203  >  5001 Len=1470"
"18","0.063456369","10.0.0.1","10.0.0.11","UDP","1512","44203  >  5001 Len=1470"
"19","0.067466307","10.0.0.1","10.0.0.11","UDP","1512","44203  >  5001 Len=1470"
"20","0.071450327","10.0.0.1","10.0.0.11","UDP","1512","44203  >  5001 Len=1470"
"21","0.075212527","10.0.0.1","10.0.0.11","UDP","1512","44203  >  5001 Len=1470"
"22","0.078485200","10.0.0.1","10.0.0.11","UDP","1512","44203  >  5001 Len=1470"
"23","0.082464541","10.0.0.1","10.0.0.11","UDP","1512","44203  >  5001 Len=1470"
"24","0.086463909","10.0.0.1","10.0.0.11","UDP","1512","44203  >  5001 Len=1470"
"25","0.090447517","10.0.0.1","10.0.0.11","UDP","1512","44203  >  5001 Len=1470"
"26","0.093457264","10.0.0.1","10.0.0.11","UDP","1512","44203  >  5001 Len=1470"
"27","0.097492551","10.0.0.1","10.0.0.11","UDP","1512","44203  >  5001 Len=1470"
"28","0.101454048","10.0.0.1","10.0.0.11","UDP","1512","44203  >  5001 Len=1470"
"29","0.298680962","10.0.0.2","10.0.0.11","UDP","1512","45168  >  5001 Len=1470"
"30","0.302600616","10.0.0.2","10.0.0.11","UDP","1512","45168  >  5001 Len=1470"
"31","0.306554429","10.0.0.2","10.0.0.11","UDP","1512","45168  >  5001 Len=1470"
"32","0.310611700","10.0.0.2","10.0.0.11","UDP","1512","45168  >  5001 Len=1470"
"33","0.313558447","10.0.0.2","10.0.0.11","UDP","1512","45168  >  5001 Len=1470"
"34","0.317559769","10.0.0.2","10.0.0.11","UDP","1512","45168  >  5001 Len=1470"
"35","0.321551363","10.0.0.2","10.0.0.11","UDP","1512","45168  >  5001 Len=1470"
"36","0.325554499","10.0.0.2","10.0.0.11","UDP","1512","45168  >  5001 Len=1470"
"37","0.329350613","10.0.0.2","10.0.0.11","UDP","1512","45168  >  5001 Len=1470"
"38","0.332356011","10.0.0.2","10.0.0.11","UDP","1512","45168  >  5001 Len=1470"
"39","0.352572491","10.0.0.1","10.0.0.11","UDP","1512","44203  >  5001 Len=1470"
"40","0.336456761","10.0.0.2","10.0.0.11","UDP","1512","45168  >  5001 Len=1470"
"41","0.339497275","10.0.0.2","10.0.0.11","UDP","1512","45168  >  5001 Len=1470"
"42","0.343463489","10.0.0.2","10.0.0.11","UDP","1512","45168  >  5001 Len=1470"
"43","0.347464421","10.0.0.2","10.0.0.11","UDP","1512","45168  >  5001 Len=1470"
"44","0.351565502","10.0.0.2","10.0.0.11","UDP","1512","45168  >  5001 Len=1470"
"45","0.354560770","10.0.0.2","10.0.0.11","UDP","1512","45168  >  5001 Len=1470"
"46","0.358710123","10.0.0.2","10.0.0.11","UDP","1512","45168  >  5001 Len=1470"
"47","0.362696457","10.0.0.2","10.0.0.11","UDP","1512","45168  >  5001 Len=1470"
"48","0.366697970","10.0.0.2","10.0.0.11","UDP","1512","45168  >  5001 Len=1470"
"49","0.370466495","10.0.0.2","10.0.0.11","UDP","1512","45168  >  5001 Len=1470"
"50","0.373463146","10.0.0.2","10.0.0.11","UDP","1512","45168  >  5001 Len=1470"
"51","0.377120006","10.0.0.2","10.0.0.11","UDP","1512","45168  >  5001 Len=1470"
"52","0.380783830","10.0.0.2","10.0.0.11","UDP","1512","45168  >  5001 Len=1470"
"53","0.384494572","10.0.0.2","10.0.0.11","UDP","1512","45168  >  5001 Len=1470"
"54","0.388498670","10.0.0.2","10.0.0.11","UDP","1512","45168  >  5001 Len=1470"
"55","0.392479634","10.0.0.2","10.0.0.11","UDP","1512","45168  >  5001 Len=1470"
"56","0.396471448","10.0.0.2","10.0.0.11","UDP","1512","45168  >  5001 Len=1470"
"57","0.399512934","10.0.0.2","10.0.0.11","UDP","1512","45168  >  5001 Len=1470"
"58","0.403496703","10.0.0.2","10.0.0.11","UDP","1512","45168  >  5001 Len=1470"
"59","0.487575238","10.0.0.3","10.0.0.11","UDP","1512","37131  >  5001 Len=1470"
"60","0.569998252","10.0.0.6","10.0.0.11","UDP","1512","35764  >  5001 Len=1470"
"61","0.491496075","10.0.0.3","10.0.0.11","UDP","1512","37131  >  5001 Len=1470"
"62","0.495493553","10.0.0.3","10.0.0.11","UDP","1512","37131  >  5001 Len=1470"
"63","0.574584171","10.0.0.6","10.0.0.11","UDP","1512","35764  >  5001 Len=1470"
"64","0.499549840","10.0.0.3","10.0.0.11","UDP","1512","37131  >  5001 Len=1470"
"65","0.577578558","10.0.0.6","10.0.0.11","UDP","1512","35764  >  5001 Len=1470"
"66","0.502557814","10.0.0.3","10.0.0.11","UDP","1512","37131  >  5001 Len=1470"
"67","0.581499117","10.0.0.6","10.0.0.11","UDP","1512","35764  >  5001 Len=1470"
"68","0.506990332","10.0.0.3","10.0.0.11","UDP","1512","37131  >  5001 Len=1470"
"69","0.585502794","10.0.0.6","10.0.0.11","UDP","1512","35764  >  5001 Len=1470"
"70","0.510518289","10.0.0.3","10.0.0.11","UDP","1512","37131  >  5001 Len=1470"
"71","0.588504755","10.0.0.6","10.0.0.11","UDP","1512","35764  >  5001 Len=1470"
"72","0.513540618","10.0.0.3","10.0.0.11","UDP","1512","37131  >  5001 Len=1470"
"73","0.592512109","10.0.0.6","10.0.0.11","UDP","1512","35764  >  5001 Len=1470"
"74","0.596503883","10.0.0.6","10.0.0.11","UDP","1512","35764  >  5001 Len=1470"
"75","0.517506083","10.0.0.3","10.0.0.11","UDP","1512","37131  >  5001 Len=1470"
"76","0.603543385","10.0.0.1","10.0.0.11","UDP","1512","44203  >  5001 Len=1470"
"77","0.589565052","10.0.0.7","10.0.0.11","UDP","1512","47346  >  5001 Len=1470"
"78","0.624440288","10.0.0.8","10.0.0.11","UDP","1512","39614  >  5001 Len=1470"
"79","0.628507736","10.0.0.8","10.0.0.11","UDP","1512","39614  >  5001 Len=1470"
"80","0.654578286","10.0.0.2","10.0.0.11","UDP","1512","45168  >  5001 Len=1470"
"81","0.593501922","10.0.0.7","10.0.0.11","UDP","1512","47346  >  5001 Len=1470"
"82","0.597497874","10.0.0.7","10.0.0.11","UDP","1512","47346  >  5001 Len=1470"
"83","0.601506961","10.0.0.7","10.0.0.11","UDP","1512","47346  >  5001 Len=1470"
"84","0.604504384","10.0.0.7","10.0.0.11","UDP","1512","47346  >  5001 Len=1470"
"85","0.608506157","10.0.0.7","10.0.0.11","UDP","1512","47346  >  5001 Len=1470"
"86","0.612499554","10.0.0.7","10.0.0.11","UDP","1512","47346  >  5001 Len=1470"
"87","0.615523888","10.0.0.7","10.0.0.11","UDP","1512","47346  >  5001 Len=1470"
"88","0.619510402","10.0.0.7","10.0.0.11","UDP","1512","47346  >  5001 Len=1470"
"89","0.623524839","10.0.0.7","10.0.0.11","UDP","1512","47346  >  5001 Len=1470"
"90","0.627506885","10.0.0.7","10.0.0.11","UDP","1512","47346  >  5001 Len=1470"
"91","0.630567226","10.0.0.7","10.0.0.11","UDP","1512","47346  >  5001 Len=1470"
"92","0.634592103","10.0.0.7","10.0.0.11","UDP","1512","47346  >  5001 Len=1470"
"93","0.544200140","10.0.0.5","10.0.0.11","UDP","1512","36168  >  5001 Len=1470"
"94","0.521491395","10.0.0.3","10.0.0.11","UDP","1512","37131  >  5001 Len=1470"
"95","0.548558849","10.0.0.5","10.0.0.11","UDP","1512","36168  >  5001 Len=1470"
"96","0.551427949","10.0.0.5","10.0.0.11","UDP","1512","36168  >  5001 Len=1470"
"97","0.525507355","10.0.0.3","10.0.0.11","UDP","1512","37131  >  5001 Len=1470"
"98","0.555506427","10.0.0.5","10.0.0.11","UDP","1512","36168  >  5001 Len=1470"
"99","0.559583402","10.0.0.5","10.0.0.11","UDP","1512","36168  >  5001 Len=1470"
"100","0.563493182","10.0.0.5","10.0.0.11","UDP","1512","36168  >  5001 Len=1470"
"101","0.566496084","10.0.0.5","10.0.0.11","UDP","1512","36168  >  5001 Len=1470"
"102","0.570534437","10.0.0.5","10.0.0.11","UDP","1512","36168  >  5001 Len=1470"
"103","0.574535839","10.0.0.5","10.0.0.11","UDP","1512","36168  >  5001 Len=1470"
"104","0.638573438","10.0.0.7","10.0.0.11","UDP","1512","47346  >  5001 Len=1470"
"105","0.578634236","10.0.0.5","10.0.0.11","UDP","1512","36168  >  5001 Len=1470"
"106","0.581494118","10.0.0.5","10.0.0.11","UDP","1512","36168  >  5001 Len=1470"
"107","0.585498326","10.0.0.5","10.0.0.11","UDP","1512","36168  >  5001 Len=1470"
"108","0.528501892","10.0.0.3","10.0.0.11","UDP","1512","37131  >  5001 Len=1470"
"109","0.589520207","10.0.0.5","10.0.0.11","UDP","1512","36168  >  5001 Len=1470"
"110","0.532327983","10.0.0.3","10.0.0.11","UDP","1512","37131  >  5001 Len=1470"
"111","0.536570471","10.0.0.3","10.0.0.11","UDP","1512","37131  >  5001 Len=1470"
"112","0.540564079","10.0.0.3","10.0.0.11","UDP","1512","37131  >  5001 Len=1470"
"113","0.593510879","10.0.0.5","10.0.0.11","UDP","1512","36168  >  5001 Len=1470"
"114","0.642573889","10.0.0.7","10.0.0.11","UDP","1512","47346  >  5001 Len=1470"
"115","0.543570098","10.0.0.3","10.0.0.11","UDP","1512","37131  >  5001 Len=1470"
"116","0.645509163","10.0.0.7","10.0.0.11","UDP","1512","47346  >  5001 Len=1470"
"117","0.649525013","10.0.0.7","10.0.0.11","UDP","1512","47346  >  5001 Len=1470"
"118","0.653516287","10.0.0.7","10.0.0.11","UDP","1512","47346  >  5001 Len=1470"
"119","0.657518230","10.0.0.7","10.0.0.11","UDP","1512","47346  >  5001 Len=1470"
"120","0.660520102","10.0.0.7","10.0.0.11","UDP","1512","47346  >  5001 Len=1470"
"121","0.547563365","10.0.0.3","10.0.0.11","UDP","1512","37131  >  5001 Len=1470"
"122","0.664519321","10.0.0.7","10.0.0.11","UDP","1512","47346  >  5001 Len=1470"
"123","0.668513119","10.0.0.7","10.0.0.11","UDP","1512","47346  >  5001 Len=1470"
"124","0.513276899","10.0.0.4","10.0.0.11","UDP","1512","36170  >  5001 Len=1470"
"125","0.551380188","10.0.0.3","10.0.0.11","UDP","1512","37131  >  5001 Len=1470"
"126","0.517510426","10.0.0.4","10.0.0.11","UDP","1512","36170  >  5001 Len=1470"
"127","0.555494114","10.0.0.3","10.0.0.11","UDP","1512","37131  >  5001 Len=1470"
"128","0.672517938","10.0.0.7","10.0.0.11","UDP","1512","47346  >  5001 Len=1470"
"129","0.521492938","10.0.0.4","10.0.0.11","UDP","1512","36170  >  5001 Len=1470"
"130","0.558508208","10.0.0.3","10.0.0.11","UDP","1512","37131  >  5001 Len=1470"
"131","0.524505269","10.0.0.4","10.0.0.11","UDP","1512","36170  >  5001 Len=1470"
"132","0.675532693","10.0.0.7","10.0.0.11","UDP","1512","47346  >  5001 Len=1470"
"133","0.562499010","10.0.0.3","10.0.0.11","UDP","1512","37131  >  5001 Len=1470"
"134","0.528508805","10.0.0.4","10.0.0.11","UDP","1512","36170  >  5001 Len=1470"
"135","0.566513918","10.0.0.3","10.0.0.11","UDP","1512","37131  >  5001 Len=1470"
"136","0.532333383","10.0.0.4","10.0.0.11","UDP","1512","36170  >  5001 Len=1470"
"137","0.679568160","10.0.0.7","10.0.0.11","UDP","1512","47346  >  5001 Len=1470"
"138","0.570547781","10.0.0.3","10.0.0.11","UDP","1512","37131  >  5001 Len=1470"
"139","0.573502293","10.0.0.3","10.0.0.11","UDP","1512","37131  >  5001 Len=1470"
"140","0.596503963","10.0.0.5","10.0.0.11","UDP","1512","36168  >  5001 Len=1470"
"141","0.577509938","10.0.0.3","10.0.0.11","UDP","1512","37131  >  5001 Len=1470"
"142","0.600501769","10.0.0.5","10.0.0.11","UDP","1512","36168  >  5001 Len=1470"
"143","0.581530632","10.0.0.3","10.0.0.11","UDP","1512","37131  >  5001 Len=1470"
"144","0.585523262","10.0.0.3","10.0.0.11","UDP","1512","37131  >  5001 Len=1470"
"145","0.588550431","10.0.0.3","10.0.0.11","UDP","1512","37131  >  5001 Len=1470"
"146","0.683580829","10.0.0.7","10.0.0.11","UDP","1512","47346  >  5001 Len=1470"
"147","0.686568478","10.0.0.7","10.0.0.11","UDP","1512","47346  >  5001 Len=1470"
"148","0.604513541","10.0.0.5","10.0.0.11","UDP","1512","36168  >  5001 Len=1470"
"149","0.690641697","10.0.0.7","10.0.0.11","UDP","1512","47346  >  5001 Len=1470"
"150","0.535549810","10.0.0.4","10.0.0.11","UDP","1512","36170  >  5001 Len=1470"
"151","0.694582504","10.0.0.7","10.0.0.11","UDP","1512","47346  >  5001 Len=1470"
"152","0.539583493","10.0.0.4","10.0.0.11","UDP","1512","36170  >  5001 Len=1470"
"153","0.543563846","10.0.0.4","10.0.0.11","UDP","1512","36170  >  5001 Len=1470"
"154","0.608516025","10.0.0.5","10.0.0.11","UDP","1512","36168  >  5001 Len=1470"
"155","0.611507457","10.0.0.5","10.0.0.11","UDP","1512","36168  >  5001 Len=1470"
"156","0.615510102","10.0.0.5","10.0.0.11","UDP","1512","36168  >  5001 Len=1470"
"157","0.619525711","10.0.0.5","10.0.0.11","UDP","1512","36168  >  5001 Len=1470"
"158","0.622582205","10.0.0.5","10.0.0.11","UDP","1512","36168  >  5001 Len=1470"
"159","0.626595320","10.0.0.5","10.0.0.11","UDP","1512","36168  >  5001 Len=1470"
"160","0.630604355","10.0.0.5","10.0.0.11","UDP","1512","36168  >  5001 Len=1470"
"161","0.634592184","10.0.0.5","10.0.0.11","UDP","1512","36168  >  5001 Len=1470"
"162","0.637506749","10.0.0.5","10.0.0.11","UDP","1512","36168  >  5001 Len=1470"
"163","0.641565059","10.0.0.5","10.0.0.11","UDP","1512","36168  >  5001 Len=1470"
"164","0.645520615","10.0.0.5","10.0.0.11","UDP","1512","36168  >  5001 Len=1470"
"165","0.632511072","10.0.0.8","10.0.0.11","UDP","1512","39614  >  5001 Len=1470"
"166","0.635514890","10.0.0.8","10.0.0.11","UDP","1512","39614  >  5001 Len=1470"
"167","0.639514539","10.0.0.8","10.0.0.11","UDP","1512","39614  >  5001 Len=1470"
"168","0.643517515","10.0.0.8","10.0.0.11","UDP","1512","39614  >  5001 Len=1470"
"169","0.647520089","10.0.0.8","10.0.0.11","UDP","1512","39614  >  5001 Len=1470"
"170","0.650596421","10.0.0.8","10.0.0.11","UDP","1512","39614  >  5001 Len=1470"
"171","0.654579609","10.0.0.8","10.0.0.11","UDP","1512","39614  >  5001 Len=1470"
"172","0.658574716","10.0.0.8","10.0.0.11","UDP","1512","39614  >  5001 Len=1470"
"173","0.662599708","10.0.0.8","10.0.0.11","UDP","1512","39614  >  5001 Len=1470"
"174","0.665523618","10.0.0.8","10.0.0.11","UDP","1512","39614  >  5001 Len=1470"
"175","0.669521147","10.0.0.8","10.0.0.11","UDP","1512","39614  >  5001 Len=1470"
"176","0.673519490","10.0.0.8","10.0.0.11","UDP","1512","39614  >  5001 Len=1470"
"177","0.677548468","10.0.0.8","10.0.0.11","UDP","1512","39614  >  5001 Len=1470"
"178","0.680561279","10.0.0.8","10.0.0.11","UDP","1512","39614  >  5001 Len=1470"
"179","0.684611541","10.0.0.8","10.0.0.11","UDP","1512","39614  >  5001 Len=1470"
"180","0.688547974","10.0.0.8","10.0.0.11","UDP","1512","39614  >  5001 Len=1470"
"181","0.691537532","10.0.0.8","10.0.0.11","UDP","1512","39614  >  5001 Len=1470"
"182","0.695529523","10.0.0.8","10.0.0.11","UDP","1512","39614  >  5001 Len=1470"
"183","0.699527389","10.0.0.8","10.0.0.11","UDP","1512","39614  >  5001 Len=1470"
"184","0.703524103","10.0.0.8","10.0.0.11","UDP","1512","39614  >  5001 Len=1470"
"185","0.706600878","10.0.0.8","10.0.0.11","UDP","1512","39614  >  5001 Len=1470"
"186","0.710568688","10.0.0.8","10.0.0.11","UDP","1512","39614  >  5001 Len=1470"
"187","0.714554517","10.0.0.8","10.0.0.11","UDP","1512","39614  >  5001 Len=1470"
"188","0.718578145","10.0.0.8","10.0.0.11","UDP","1512","39614  >  5001 Len=1470"
"189","0.721538768","10.0.0.8","10.0.0.11","UDP","1512","39614  >  5001 Len=1470"
"190","0.725537081","10.0.0.8","10.0.0.11","UDP","1512","39614  >  5001 Len=1470"
"191","0.547558175","10.0.0.4","10.0.0.11","UDP","1512","36170  >  5001 Len=1470"
"192","0.551419704","10.0.0.4","10.0.0.11","UDP","1512","36170  >  5001 Len=1470"
"193","0.554543715","10.0.0.4","10.0.0.11","UDP","1512","36170  >  5001 Len=1470"
"194","0.558523296","10.0.0.4","10.0.0.11","UDP","1512","36170  >  5001 Len=1470"
"195","0.562504631","10.0.0.4","10.0.0.11","UDP","1512","36170  >  5001 Len=1470"
"196","0.565489119","10.0.0.4","10.0.0.11","UDP","1512","36170  >  5001 Len=1470"
"197","0.569504798","10.0.0.4","10.0.0.11","UDP","1512","36170  >  5001 Len=1470"
"198","0.573511050","10.0.0.4","10.0.0.11","UDP","1512","36170  >  5001 Len=1470"
"199","0.577517752","10.0.0.4","10.0.0.11","UDP","1512","36170  >  5001 Len=1470"
"200","0.580547486","10.0.0.4","10.0.0.11","UDP","1512","36170  >  5001 Len=1470"
"201","0.584530895","10.0.0.4","10.0.0.11","UDP","1512","36170  >  5001 Len=1470"
"202","0.587819555","10.0.0.4","10.0.0.11","UDP","1512","36170  >  5001 Len=1470"
"203","0.592507948","10.0.0.4","10.0.0.11","UDP","1512","36170  >  5001 Len=1470"
"204","0.595512814","10.0.0.4","10.0.0.11","UDP","1512","36170  >  5001 Len=1470"
"205","0.599552289","10.0.0.4","10.0.0.11","UDP","1512","36170  >  5001 Len=1470"
"206","0.603505460","10.0.0.4","10.0.0.11","UDP","1512","36170  >  5001 Len=1470"
"207","0.607579173","10.0.0.4","10.0.0.11","UDP","1512","36170  >  5001 Len=1470"
"208","0.610563898","10.0.0.4","10.0.0.11","UDP","1512","36170  >  5001 Len=1470"
"209","0.614604528","10.0.0.4","10.0.0.11","UDP","1512","36170  >  5001 Len=1470"
"210","0.600547014","10.0.0.6","10.0.0.11","UDP","1512","35764  >  5001 Len=1470"
"211","0.603560648","10.0.0.6","10.0.0.11","UDP","1512","35764  >  5001 Len=1470"
"212","0.607511184","10.0.0.6","10.0.0.11","UDP","1512","35764  >  5001 Len=1470"
"213","0.611509721","10.0.0.6","10.0.0.11","UDP","1512","35764  >  5001 Len=1470"
"214","0.615551490","10.0.0.6","10.0.0.11","UDP","1512","35764  >  5001 Len=1470"
"215","0.618514838","10.0.0.6","10.0.0.11","UDP","1512","35764  >  5001 Len=1470"
"216","0.622303217","10.0.0.6","10.0.0.11","UDP","1512","35764  >  5001 Len=1470"
"217","0.626542239","10.0.0.6","10.0.0.11","UDP","1512","35764  >  5001 Len=1470"
"218","0.630547730","10.0.0.6","10.0.0.11","UDP","1512","35764  >  5001 Len=1470"
"219","0.633512290","10.0.0.6","10.0.0.11","UDP","1512","35764  >  5001 Len=1470"
"220","0.637515406","10.0.0.6","10.0.0.11","UDP","1512","35764  >  5001 Len=1470"
"221","0.641511488","10.0.0.6","10.0.0.11","UDP","1512","35764  >  5001 Len=1470"
"222","0.645514413","10.0.0.6","10.0.0.11","UDP","1512","35764  >  5001 Len=1470"
"223","0.648511145","10.0.0.6","10.0.0.11","UDP","1512","35764  >  5001 Len=1470"
"224","0.652513399","10.0.0.6","10.0.0.11","UDP","1512","35764  >  5001 Len=1470"
"225","0.656518779","10.0.0.6","10.0.0.11","UDP","1512","35764  >  5001 Len=1470"
"226","0.659549124","10.0.0.6","10.0.0.11","UDP","1512","35764  >  5001 Len=1470"
"227","0.663525280","10.0.0.6","10.0.0.11","UDP","1512","35764  >  5001 Len=1470"
"228","0.667524999","10.0.0.6","10.0.0.11","UDP","1512","35764  >  5001 Len=1470"
"229","0.671513938","10.0.0.6","10.0.0.11","UDP","1512","35764  >  5001 Len=1470"
"230","0.854579645","10.0.0.1","10.0.0.11","UDP","1512","44203  >  5001 Len=1470"
"231","0.768619468","10.0.0.9","10.0.0.11","UDP","1512","45367  >  5001 Len=1470"
"232","0.865505139","10.0.0.4","10.0.0.11","UDP","1512","36170  >  5001 Len=1470"
"233","0.905509359","10.0.0.2","10.0.0.11","UDP","1512","45168  >  5001 Len=1470"
"234","0.896520698","10.0.0.5","10.0.0.11","UDP","1512","36168  >  5001 Len=1470"
"235","0.839552817","10.0.0.3","10.0.0.11","UDP","1512","37131  >  5001 Len=1470"
"236","0.849455329","10.0.0.10","10.0.0.11","UDP","1512","35896  >  5001 Len=1470"
"237","0.976540263","10.0.0.8","10.0.0.11","UDP","1512","39614  >  5001 Len=1470"
"238","0.853503991","10.0.0.10","10.0.0.11","UDP","1512","35896  >  5001 Len=1470"
"239","0.857490335","10.0.0.10","10.0.0.11","UDP","1512","35896  >  5001 Len=1470"
"240","0.860494300","10.0.0.10","10.0.0.11","UDP","1512","35896  >  5001 Len=1470"
"241","0.945511503","10.0.0.7","10.0.0.11","UDP","1512","47346  >  5001 Len=1470"
"242","0.773513240","10.0.0.9","10.0.0.11","UDP","1512","45367  >  5001 Len=1470"
"243","0.775534395","10.0.0.9","10.0.0.11","UDP","1512","45367  >  5001 Len=1470"
"244","0.780555787","10.0.0.9","10.0.0.11","UDP","1512","45367  >  5001 Len=1470"
"245","0.922541061","10.0.0.6","10.0.0.11","UDP","1512","35764  >  5001 Len=1470"
"246","0.783525204","10.0.0.9","10.0.0.11","UDP","1512","45367  >  5001 Len=1470"
"247","0.864493678","10.0.0.10","10.0.0.11","UDP","1512","35896  >  5001 Len=1470"
"248","0.787519603","10.0.0.9","10.0.0.11","UDP","1512","45367  >  5001 Len=1470"
"249","0.868177329","10.0.0.10","10.0.0.11","UDP","1512","35896  >  5001 Len=1470"
"250","0.791528650","10.0.0.9","10.0.0.11","UDP","1512","45367  >  5001 Len=1470"
"251","0.871999883","10.0.0.10","10.0.0.11","UDP","1512","35896  >  5001 Len=1470"
"252","0.794555077","10.0.0.9","10.0.0.11","UDP","1512","45367  >  5001 Len=1470"
"253","0.798577583","10.0.0.9","10.0.0.11","UDP","1512","45367  >  5001 Len=1470"
"254","0.802546501","10.0.0.9","10.0.0.11","UDP","1512","45367  >  5001 Len=1470"
"255","0.875663156","10.0.0.10","10.0.0.11","UDP","1512","35896  >  5001 Len=1470"
"256","0.879347578","10.0.0.10","10.0.0.11","UDP","1512","35896  >  5001 Len=1470"
"257","0.883494637","10.0.0.10","10.0.0.11","UDP","1512","35896  >  5001 Len=1470"
"258","0.887497081","10.0.0.10","10.0.0.11","UDP","1512","35896  >  5001 Len=1470"
"259","0.890514051","10.0.0.10","10.0.0.11","UDP","1512","35896  >  5001 Len=1470"
"260","0.894528898","10.0.0.10","10.0.0.11","UDP","1512","35896  >  5001 Len=1470"
"261","0.898578853","10.0.0.10","10.0.0.11","UDP","1512","35896  >  5001 Len=1470"
"262","0.902560316","10.0.0.10","10.0.0.11","UDP","1512","35896  >  5001 Len=1470"
"263","0.905513264","10.0.0.10","10.0.0.11","UDP","1512","35896  >  5001 Len=1470"
"264","0.909532893","10.0.0.10","10.0.0.11","UDP","1512","35896  >  5001 Len=1470"
"265","0.913499900","10.0.0.10","10.0.0.11","UDP","1512","35896  >  5001 Len=1470"
"266","0.806552275","10.0.0.9","10.0.0.11","UDP","1512","45367  >  5001 Len=1470"
"267","0.917511240","10.0.0.10","10.0.0.11","UDP","1512","35896  >  5001 Len=1470"
"268","0.920508524","10.0.0.10","10.0.0.11","UDP","1512","35896  >  5001 Len=1470"
"269","0.924508273","10.0.0.10","10.0.0.11","UDP","1512","35896  >  5001 Len=1470"
"270","0.810533496","10.0.0.9","10.0.0.11","UDP","1512","45367  >  5001 Len=1470"
"271","0.928500619","10.0.0.10","10.0.0.11","UDP","1512","35896  >  5001 Len=1470"
"272","0.931537117","10.0.0.10","10.0.0.11","UDP","1512","35896  >  5001 Len=1470"
"273","0.935527038","10.0.0.10","10.0.0.11","UDP","1512","35896  >  5001 Len=1470"
"274","0.939519824","10.0.0.10","10.0.0.11","UDP","1512","35896  >  5001 Len=1470"
"275","0.813529419","10.0.0.9","10.0.0.11","UDP","1512","45367  >  5001 Len=1470"
"276","0.943528520","10.0.0.10","10.0.0.11","UDP","1512","35896  >  5001 Len=1470"
"277","0.817528894","10.0.0.9","10.0.0.11","UDP","1512","45367  >  5001 Len=1470"
"278","0.946570527","10.0.0.10","10.0.0.11","UDP","1512","35896  >  5001 Len=1470"
"279","0.821537944","10.0.0.9","10.0.0.11","UDP","1512","45367  >  5001 Len=1470"
"280","0.950538196","10.0.0.10","10.0.0.11","UDP","1512","35896  >  5001 Len=1470"
"281","0.824528090","10.0.0.9","10.0.0.11","UDP","1512","45367  >  5001 Len=1470"
"282","0.828555465","10.0.0.9","10.0.0.11","UDP","1512","45367  >  5001 Len=1470"
"283","0.832534291","10.0.0.9","10.0.0.11","UDP","1512","45367  >  5001 Len=1470"
"284","0.836537187","10.0.0.9","10.0.0.11","UDP","1512","45367  >  5001 Len=1470"
"285","0.839566974","10.0.0.9","10.0.0.11","UDP","1512","45367  >  5001 Len=1470"
"286","0.843495218","10.0.0.9","10.0.0.11","UDP","1512","45367  >  5001 Len=1470"
"287","0.847544532","10.0.0.9","10.0.0.11","UDP","1512","45367  >  5001 Len=1470"
"288","0.851495830","10.0.0.9","10.0.0.11","UDP","1512","45367  >  5001 Len=1470"
"289","0.854571538","10.0.0.9","10.0.0.11","UDP","1512","45367  >  5001 Len=1470"
"290","0.858529408","10.0.0.9","10.0.0.11","UDP","1512","45367  >  5001 Len=1470"
"291","0.862578824","10.0.0.9","10.0.0.11","UDP","1512","45367  >  5001 Len=1470"
"292","0.866516884","10.0.0.9","10.0.0.11","UDP","1512","45367  >  5001 Len=1470"
"293","0.869529568","10.0.0.9","10.0.0.11","UDP","1512","45367  >  5001 Len=1470"
"294","0.873508206","10.0.0.9","10.0.0.11","UDP","1512","45367  >  5001 Len=1470"
"295","1.173548838","10.0.0.6","10.0.0.11","UDP","1512","35764  >  5001 Len=1470"
"296","1.147575254","10.0.0.5","10.0.0.11","UDP","1512","36168  >  5001 Len=1470"
"297","1.116162553","10.0.0.4","10.0.0.11","UDP","1512","36170  >  5001 Len=1470"
"298","1.105480421","10.0.0.1","10.0.0.11","UDP","1512","44203  >  5001 Len=1470"
"299","1.090477507","10.0.0.3","10.0.0.11","UDP","1512","37131  >  5001 Len=1470"
"300","1.156513158","10.0.0.2","10.0.0.11","UDP","1512","45168  >  5001 Len=1470"
"301","1.196713986","10.0.0.7","10.0.0.11","UDP","1512","47346  >  5001 Len=1470"
"302","1.226743548","10.0.0.8","10.0.0.11","UDP","1512","39614  >  5001 Len=1470"
"303","1.356759923","10.0.0.1","10.0.0.11","UDP","1512","44203  >  5001 Len=1470"
"304","1.407285631","10.0.0.2","10.0.0.11","UDP","1512","45168  >  5001 Len=1470"
"305","1.341754153","10.0.0.3","10.0.0.11","UDP","1512","37131  >  5001 Len=1470"
"306","1.607337997","10.0.0.1","10.0.0.11","UDP","1512","44203  >  5001 Len=1470"
"307","2.820147867","10.0.0.1","10.0.0.11","UDP","1512","41868  >  5001 Len=1470"
"308","2.824515583","10.0.0.1","10.0.0.11","UDP","1512","41868  >  5001 Len=1470"
"309","2.827534928","10.0.0.1","10.0.0.11","UDP","1512","41868  >  5001 Len=1470"
"310","2.831517906","10.0.0.1","10.0.0.11","UDP","1512","41868  >  5001 Len=1470"
"311","2.835483561","10.0.0.1","10.0.0.11","UDP","1512","41868  >  5001 Len=1470"
"312","2.839586951","10.0.0.1","10.0.0.11","UDP","1512","41868  >  5001 Len=1470"
"313","2.842587875","10.0.0.1","10.0.0.11","UDP","1512","41868  >  5001 Len=1470"
"314","2.846553189","10.0.0.1","10.0.0.11","UDP","1512","41868  >  5001 Len=1470"
"315","2.850576819","10.0.0.1","10.0.0.11","UDP","1512","41868  >  5001 Len=1470"
"316","2.854561986","10.0.0.1","10.0.0.11","UDP","1512","41868  >  5001 Len=1470"
"317","2.858214288","10.0.0.1","10.0.0.11","UDP","1512","41868  >  5001 Len=1470"
"318","2.861531766","10.0.0.1","10.0.0.11","UDP","1512","41868  >  5001 Len=1470"
"319","2.865525253","10.0.0.1","10.0.0.11","UDP","1512","41868  >  5001 Len=1470"
"320","2.868527906","10.0.0.1","10.0.0.11","UDP","1512","41868  >  5001 Len=1470"
"321","2.872519761","10.0.0.1","10.0.0.11","UDP","1512","41868  >  5001 Len=1470"
"322","2.876523238","10.0.0.1","10.0.0.11","UDP","1512","41868  >  5001 Len=1470"
"323","2.880532034","10.0.0.1","10.0.0.11","UDP","1512","41868  >  5001 Len=1470"
"324","2.883533414","10.0.0.1","10.0.0.11","UDP","1512","41868  >  5001 Len=1470"
"325","2.887529878","10.0.0.1","10.0.0.11","UDP","1512","41868  >  5001 Len=1470"
"326","2.891553432","10.0.0.1","10.0.0.11","UDP","1512","41868  >  5001 Len=1470"
"327","2.895538443","10.0.0.1","10.0.0.11","UDP","1512","41868  >  5001 Len=1470"
"328","2.898551636","10.0.0.1","10.0.0.11","UDP","1512","41868  >  5001 Len=1470"
"329","2.903133316","10.0.0.1","10.0.0.11","UDP","1512","41868  >  5001 Len=1470"
"330","2.906123996","10.0.0.1","10.0.0.11","UDP","1512","41868  >  5001 Len=1470"
"331","2.910124647","10.0.0.1","10.0.0.11","UDP","1512","41868  >  5001 Len=1470"
"332","2.914129077","10.0.0.1","10.0.0.11","UDP","1512","41868  >  5001 Len=1470"
"333","2.917125207","10.0.0.1","10.0.0.11","UDP","1512","41868  >  5001 Len=1470"
"334","2.921137420","10.0.0.1","10.0.0.11","UDP","1512","41868  >  5001 Len=1470"
"335","2.925133673","10.0.0.1","10.0.0.11","UDP","1512","41868  >  5001 Len=1470"
"336","3.118983993","10.0.0.2","10.0.0.11","UDP","1512","44642  >  5001 Len=1470"
"337","3.123561807","10.0.0.2","10.0.0.11","UDP","1512","44642  >  5001 Len=1470"
"338","3.126634127","10.0.0.2","10.0.0.11","UDP","1512","44642  >  5001 Len=1470"
"339","3.130595859","10.0.0.2","10.0.0.11","UDP","1512","44642  >  5001 Len=1470"
"340","3.134524214","10.0.0.2","10.0.0.11","UDP","1512","44642  >  5001 Len=1470"
"341","3.137496930","10.0.0.2","10.0.0.11","UDP","1512","44642  >  5001 Len=1470"
"342","3.141487492","10.0.0.2","10.0.0.11","UDP","1512","44642  >  5001 Len=1470"
"343","3.145488704","10.0.0.2","10.0.0.11","UDP","1512","44642  >  5001 Len=1470"
"344","3.149527156","10.0.0.2","10.0.0.11","UDP","1512","44642  >  5001 Len=1470"
"345","3.308977929","10.0.0.3","10.0.0.11","UDP","1512","46997  >  5001 Len=1470"
"346","3.313858625","10.0.0.3","10.0.0.11","UDP","1512","46997  >  5001 Len=1470"
"347","3.315840326","10.0.0.3","10.0.0.11","UDP","1512","46997  >  5001 Len=1470"
"348","3.320852581","10.0.0.3","10.0.0.11","UDP","1512","46997  >  5001 Len=1470"
"349","3.323843662","10.0.0.3","10.0.0.11","UDP","1512","46997  >  5001 Len=1470"
"350","3.327959050","10.0.0.3","10.0.0.11","UDP","1512","46997  >  5001 Len=1470"
"351","3.175501904","10.0.0.1","10.0.0.11","UDP","1512","41868  >  5001 Len=1470"
"352","3.152484804","10.0.0.2","10.0.0.11","UDP","1512","44642  >  5001 Len=1470"
"353","3.156484894","10.0.0.2","10.0.0.11","UDP","1512","44642  >  5001 Len=1470"
"354","3.160492939","10.0.0.2","10.0.0.11","UDP","1512","44642  >  5001 Len=1470"
"355","3.164517255","10.0.0.2","10.0.0.11","UDP","1512","44642  >  5001 Len=1470"
"356","3.167511353","10.0.0.2","10.0.0.11","UDP","1512","44642  >  5001 Len=1470"
"357","3.171494638","10.0.0.2","10.0.0.11","UDP","1512","44642  >  5001 Len=1470"
"358","3.175507715","10.0.0.2","10.0.0.11","UDP","1512","44642  >  5001 Len=1470"
"359","3.179498187","10.0.0.2","10.0.0.11","UDP","1512","44642  >  5001 Len=1470"
"360","3.182482555","10.0.0.2","10.0.0.11","UDP","1512","44642  >  5001 Len=1470"
"361","3.186489164","10.0.0.2","10.0.0.11","UDP","1512","44642  >  5001 Len=1470"
"362","3.190493896","10.0.0.2","10.0.0.11","UDP","1512","44642  >  5001 Len=1470"
"363","3.194500599","10.0.0.2","10.0.0.11","UDP","1512","44642  >  5001 Len=1470"
"364","3.197497179","10.0.0.2","10.0.0.11","UDP","1512","44642  >  5001 Len=1470"
"365","3.201489274","10.0.0.2","10.0.0.11","UDP","1512","44642  >  5001 Len=1470"
"366","3.205496999","10.0.0.2","10.0.0.11","UDP","1512","44642  >  5001 Len=1470"
"367","3.208495865","10.0.0.2","10.0.0.11","UDP","1512","44642  >  5001 Len=1470"
"368","3.212494734","10.0.0.2","10.0.0.11","UDP","1512","44642  >  5001 Len=1470"
"369","3.216509662","10.0.0.2","10.0.0.11","UDP","1512","44642  >  5001 Len=1470"
"370","3.220495405","10.0.0.2","10.0.0.11","UDP","1512","44642  >  5001 Len=1470"
"371","3.471454195","10.0.0.2","10.0.0.11","UDP","1512","44642  >  5001 Len=1470"
"372","3.426508275","10.0.0.1","10.0.0.11","UDP","1512","41868  >  5001 Len=1470"
"373","3.590655773","10.0.0.9","10.0.0.11","UDP","1512","52985  >  5001 Len=1470"
"374","3.446389450","10.0.0.8","10.0.0.11","UDP","1512","57783  >  5001 Len=1470"
"375","3.411858266","10.0.0.7","10.0.0.11","UDP","1512","36910  >  5001 Len=1470"
"376","3.450470513","10.0.0.8","10.0.0.11","UDP","1512","57783  >  5001 Len=1470"
"377","3.366269753","10.0.0.5","10.0.0.11","UDP","1512","40847  >  5001 Len=1470"
"378","3.454520928","10.0.0.8","10.0.0.11","UDP","1512","57783  >  5001 Len=1470"
"379","3.370473233","10.0.0.5","10.0.0.11","UDP","1512","40847  >  5001 Len=1470"
"380","3.457436756","10.0.0.8","10.0.0.11","UDP","1512","57783  >  5001 Len=1470"
"381","3.374509707","10.0.0.5","10.0.0.11","UDP","1512","40847  >  5001 Len=1470"
"382","3.416428375","10.0.0.7","10.0.0.11","UDP","1512","36910  >  5001 Len=1470"
"383","3.377428060","10.0.0.5","10.0.0.11","UDP","1512","40847  >  5001 Len=1470"
"384","3.461441896","10.0.0.8","10.0.0.11","UDP","1512","57783  >  5001 Len=1470"
"385","3.334707391","10.0.0.4","10.0.0.11","UDP","1512","34886  >  5001 Len=1470"
"386","3.419456335","10.0.0.7","10.0.0.11","UDP","1512","36910  >  5001 Len=1470"
"387","3.465446906","10.0.0.8","10.0.0.11","UDP","1512","57783  >  5001 Len=1470"
"388","3.381419484","10.0.0.5","10.0.0.11","UDP","1512","40847  >  5001 Len=1470"
"389","3.423456908","10.0.0.7","10.0.0.11","UDP","1512","36910  >  5001 Len=1470"
"390","3.469436888","10.0.0.8","10.0.0.11","UDP","1512","57783  >  5001 Len=1470"
"391","3.339001138","10.0.0.4","10.0.0.11","UDP","1512","34886  >  5001 Len=1470"
"392","3.385434711","10.0.0.5","10.0.0.11","UDP","1512","40847  >  5001 Len=1470"
"393","3.472447505","10.0.0.8","10.0.0.11","UDP","1512","57783  >  5001 Len=1470"
"394","3.342999535","10.0.0.4","10.0.0.11","UDP","1512","34886  >  5001 Len=1470"
"395","3.476444600","10.0.0.8","10.0.0.11","UDP","1512","57783  >  5001 Len=1470"
"396","3.480447235","10.0.0.8","10.0.0.11","UDP","1512","57783  >  5001 Len=1470"
"397","3.392467092","10.0.0.6","10.0.0.11","UDP","1512","38118  >  5001 Len=1470"
"398","3.484455620","10.0.0.8","10.0.0.11","UDP","1512","57783  >  5001 Len=1470"
"399","3.487473161","10.0.0.8","10.0.0.11","UDP","1512","57783  >  5001 Len=1470"
"400","3.491499190","10.0.0.8","10.0.0.11","UDP","1512","57783  >  5001 Len=1470"
"401","3.396441294","10.0.0.6","10.0.0.11","UDP","1512","38118  >  5001 Len=1470"
"402","3.331951055","10.0.0.3","10.0.0.11","UDP","1512","46997  >  5001 Len=1470"
"403","3.334979826","10.0.0.3","10.0.0.11","UDP","1512","46997  >  5001 Len=1470"
"404","3.345683174","10.0.0.4","10.0.0.11","UDP","1512","34886  >  5001 Len=1470"
"405","3.350455596","10.0.0.4","10.0.0.11","UDP","1512","34886  >  5001 Len=1470"
"406","3.594609006","10.0.0.9","10.0.0.11","UDP","1512","52985  >  5001 Len=1470"
"407","3.353417751","10.0.0.4","10.0.0.11","UDP","1512","34886  >  5001 Len=1470"
"408","3.598612753","10.0.0.9","10.0.0.11","UDP","1512","52985  >  5001 Len=1470"
"409","3.357424584","10.0.0.4","10.0.0.11","UDP","1512","34886  >  5001 Len=1470"
"410","3.388542280","10.0.0.5","10.0.0.11","UDP","1512","40847  >  5001 Len=1470"
"411","3.602626348","10.0.0.9","10.0.0.11","UDP","1512","52985  >  5001 Len=1470"
"412","3.361451465","10.0.0.4","10.0.0.11","UDP","1512","34886  >  5001 Len=1470"
"413","3.605527629","10.0.0.9","10.0.0.11","UDP","1512","52985  >  5001 Len=1470"
"414","3.392428048","10.0.0.5","10.0.0.11","UDP","1512","40847  >  5001 Len=1470"
"415","3.400436925","10.0.0.6","10.0.0.11","UDP","1512","38118  >  5001 Len=1470"
"416","3.427497357","10.0.0.7","10.0.0.11","UDP","1512","36910  >  5001 Len=1470"
"417","3.396448584","10.0.0.5","10.0.0.11","UDP","1512","40847  >  5001 Len=1470"
"418","3.403632949","10.0.0.6","10.0.0.11","UDP","1512","38118  >  5001 Len=1470"
"419","3.430549453","10.0.0.7","10.0.0.11","UDP","1512","36910  >  5001 Len=1470"
"420","3.400456532","10.0.0.5","10.0.0.11","UDP","1512","40847  >  5001 Len=1470"
"421","3.407466007","10.0.0.6","10.0.0.11","UDP","1512","38118  >  5001 Len=1470"
"422","3.403484302","10.0.0.5","10.0.0.11","UDP","1512","40847  >  5001 Len=1470"
"423","3.407453160","10.0.0.5","10.0.0.11","UDP","1512","40847  >  5001 Len=1470"
"424","3.495457350","10.0.0.8","10.0.0.11","UDP","1512","57783  >  5001 Len=1470"
"425","3.411438014","10.0.0.5","10.0.0.11","UDP","1512","40847  >  5001 Len=1470"
"426","3.609518451","10.0.0.9","10.0.0.11","UDP","1512","52985  >  5001 Len=1470"
"427","3.499479272","10.0.0.8","10.0.0.11","UDP","1512","57783  >  5001 Len=1470"
"428","3.502458440","10.0.0.8","10.0.0.11","UDP","1512","57783  >  5001 Len=1470"
"429","3.339032944","10.0.0.3","10.0.0.11","UDP","1512","46997  >  5001 Len=1470"
"430","3.364417959","10.0.0.4","10.0.0.11","UDP","1512","34886  >  5001 Len=1470"
"431","3.434475563","10.0.0.7","10.0.0.11","UDP","1512","36910  >  5001 Len=1470"
"432","3.506457227","10.0.0.8","10.0.0.11","UDP","1512","57783  >  5001 Len=1470"
"433","3.613522409","10.0.0.9","10.0.0.11","UDP","1512","52985  >  5001 Len=1470"
"434","3.368430893","10.0.0.4","10.0.0.11","UDP","1512","34886  >  5001 Len=1470"
"435","3.510520999","10.0.0.8","10.0.0.11","UDP","1512","57783  >  5001 Len=1470"
"436","3.438464402","10.0.0.7","10.0.0.11","UDP","1512","36910  >  5001 Len=1470"
"437","3.411435219","10.0.0.6","10.0.0.11","UDP","1512","38118  >  5001 Len=1470"
"438","3.514473830","10.0.0.8","10.0.0.11","UDP","1512","57783  >  5001 Len=1470"
"439","3.442447971","10.0.0.7","10.0.0.11","UDP","1512","36910  >  5001 Len=1470"
"440","3.372433618","10.0.0.4","10.0.0.11","UDP","1512","34886  >  5001 Len=1470"
"441","3.415460997","10.0.0.6","10.0.0.11","UDP","1512","38118  >  5001 Len=1470"
"442","3.342981872","10.0.0.3","10.0.0.11","UDP","1512","46997  >  5001 Len=1470"
"443","3.445240590","10.0.0.7","10.0.0.11","UDP","1512","36910  >  5001 Len=1470"
"444","3.376449714","10.0.0.4","10.0.0.11","UDP","1512","34886  >  5001 Len=1470"
"445","3.419495798","10.0.0.6","10.0.0.11","UDP","1512","38118  >  5001 Len=1470"
"446","3.415489667","10.0.0.5","10.0.0.11","UDP","1512","40847  >  5001 Len=1470"
"447","3.517459240","10.0.0.8","10.0.0.11","UDP","1512","57783  >  5001 Len=1470"
"448","3.521456715","10.0.0.8","10.0.0.11","UDP","1512","57783  >  5001 Len=1470"
"449","3.525466874","10.0.0.8","10.0.0.11","UDP","1512","57783  >  5001 Len=1470"
"450","3.418465881","10.0.0.5","10.0.0.11","UDP","1512","40847  >  5001 Len=1470"
"451","3.528455079","10.0.0.8","10.0.0.11","UDP","1512","57783  >  5001 Len=1470"
"452","3.422433601","10.0.0.5","10.0.0.11","UDP","1512","40847  >  5001 Len=1470"
"453","3.426463180","10.0.0.5","10.0.0.11","UDP","1512","40847  >  5001 Len=1470"
"454","3.532379426","10.0.0.8","10.0.0.11","UDP","1512","57783  >  5001 Len=1470"
"455","3.430536288","10.0.0.5","10.0.0.11","UDP","1512","40847  >  5001 Len=1470"
"456","3.536371420","10.0.0.8","10.0.0.11","UDP","1512","57783  >  5001 Len=1470"
"457","3.540465799","10.0.0.8","10.0.0.11","UDP","1512","57783  >  5001 Len=1470"
"458","3.433425175","10.0.0.5","10.0.0.11","UDP","1512","40847  >  5001 Len=1470"
"459","3.437439098","10.0.0.5","10.0.0.11","UDP","1512","40847  >  5001 Len=1470"
"460","3.449468366","10.0.0.7","10.0.0.11","UDP","1512","36910  >  5001 Len=1470"
"461","3.543505361","10.0.0.8","10.0.0.11","UDP","1512","57783  >  5001 Len=1470"
"462","3.547473270","10.0.0.8","10.0.0.11","UDP","1512","57783  >  5001 Len=1470"
"463","3.379498347","10.0.0.4","10.0.0.11","UDP","1512","34886  >  5001 Len=1470"
"464","3.453431376","10.0.0.7","10.0.0.11","UDP","1512","36910  >  5001 Len=1470"
"465","3.441438771","10.0.0.5","10.0.0.11","UDP","1512","40847  >  5001 Len=1470"
"466","3.346745104","10.0.0.3","10.0.0.11","UDP","1512","46997  >  5001 Len=1470"
"467","3.445257873","10.0.0.5","10.0.0.11","UDP","1512","40847  >  5001 Len=1470"
"468","3.383480310","10.0.0.4","10.0.0.11","UDP","1512","34886  >  5001 Len=1470"
"469","3.448447134","10.0.0.5","10.0.0.11","UDP","1512","40847  >  5001 Len=1470"
"470","3.387495875","10.0.0.4","10.0.0.11","UDP","1512","34886  >  5001 Len=1470"
"471","3.452450340","10.0.0.5","10.0.0.11","UDP","1512","40847  >  5001 Len=1470"
"472","3.391445033","10.0.0.4","10.0.0.11","UDP","1512","34886  >  5001 Len=1470"
"473","3.456475402","10.0.0.5","10.0.0.11","UDP","1512","40847  >  5001 Len=1470"
"474","3.394470724","10.0.0.4","10.0.0.11","UDP","1512","34886  >  5001 Len=1470"
"475","3.460449398","10.0.0.5","10.0.0.11","UDP","1512","40847  >  5001 Len=1470"
"476","3.398481534","10.0.0.4","10.0.0.11","UDP","1512","34886  >  5001 Len=1470"
"477","3.463458191","10.0.0.5","10.0.0.11","UDP","1512","40847  >  5001 Len=1470"
"478","3.402438262","10.0.0.4","10.0.0.11","UDP","1512","34886  >  5001 Len=1470"
"479","3.467484347","10.0.0.5","10.0.0.11","UDP","1512","40847  >  5001 Len=1470"
"480","3.406451247","10.0.0.4","10.0.0.11","UDP","1512","34886  >  5001 Len=1470"
"481","3.350415259","10.0.0.3","10.0.0.11","UDP","1512","46997  >  5001 Len=1470"
"482","3.456488789","10.0.0.7","10.0.0.11","UDP","1512","36910  >  5001 Len=1470"
"483","3.409477113","10.0.0.4","10.0.0.11","UDP","1512","34886  >  5001 Len=1470"
"484","3.422464923","10.0.0.6","10.0.0.11","UDP","1512","38118  >  5001 Len=1470"
"485","3.413120919","10.0.0.4","10.0.0.11","UDP","1512","34886  >  5001 Len=1470"
"486","3.460442805","10.0.0.7","10.0.0.11","UDP","1512","36910  >  5001 Len=1470"
"487","3.417431977","10.0.0.4","10.0.0.11","UDP","1512","34886  >  5001 Len=1470"
"488","3.464474232","10.0.0.7","10.0.0.11","UDP","1512","36910  >  5001 Len=1470"
"489","3.426516401","10.0.0.6","10.0.0.11","UDP","1512","38118  >  5001 Len=1470"
"490","3.421439883","10.0.0.4","10.0.0.11","UDP","1512","34886  >  5001 Len=1470"
"491","3.468447756","10.0.0.7","10.0.0.11","UDP","1512","36910  >  5001 Len=1470"
"492","3.430536078","10.0.0.6","10.0.0.11","UDP","1512","38118  >  5001 Len=1470"
"493","3.424430092","10.0.0.4","10.0.0.11","UDP","1512","34886  >  5001 Len=1470"
"494","3.471491112","10.0.0.7","10.0.0.11","UDP","1512","36910  >  5001 Len=1470"
"495","3.433429373","10.0.0.6","10.0.0.11","UDP","1512","38118  >  5001 Len=1470"
"496","3.428459157","10.0.0.4","10.0.0.11","UDP","1512","34886  >  5001 Len=1470"
"497","3.354414918","10.0.0.3","10.0.0.11","UDP","1512","46997  >  5001 Len=1470"
"498","3.475526147","10.0.0.7","10.0.0.11","UDP","1512","36910  >  5001 Len=1470"
"499","3.437454641","10.0.0.6","10.0.0.11","UDP","1512","38118  >  5001 Len=1470"
"500","3.432433569","10.0.0.4","10.0.0.11","UDP","1512","34886  >  5001 Len=1470"
"501","3.479466365","10.0.0.7","10.0.0.11","UDP","1512","36910  >  5001 Len=1470"
"502","3.357422330","10.0.0.3","10.0.0.11","UDP","1512","46997  >  5001 Len=1470"
"503","3.435452442","10.0.0.4","10.0.0.11","UDP","1512","34886  >  5001 Len=1470"
"504","3.361424674","10.0.0.3","10.0.0.11","UDP","1512","46997  >  5001 Len=1470"
"505","3.365417190","10.0.0.3","10.0.0.11","UDP","1512","46997  >  5001 Len=1470"
"506","3.369416578","10.0.0.3","10.0.0.11","UDP","1512","46997  >  5001 Len=1470"
"507","3.439462882","10.0.0.4","10.0.0.11","UDP","1512","34886  >  5001 Len=1470"
"508","3.483505978","10.0.0.7","10.0.0.11","UDP","1512","36910  >  5001 Len=1470"
"509","3.486457616","10.0.0.7","10.0.0.11","UDP","1512","36910  >  5001 Len=1470"
"510","3.490451133","10.0.0.7","10.0.0.11","UDP","1512","36910  >  5001 Len=1470"
"511","3.441438059","10.0.0.6","10.0.0.11","UDP","1512","38118  >  5001 Len=1470"
"512","3.494476140","10.0.0.7","10.0.0.11","UDP","1512","36910  >  5001 Len=1470"
"513","3.498477045","10.0.0.7","10.0.0.11","UDP","1512","36910  >  5001 Len=1470"
"514","3.445284458","10.0.0.6","10.0.0.11","UDP","1512","38118  >  5001 Len=1470"
"515","3.501452022","10.0.0.7","10.0.0.11","UDP","1512","36910  >  5001 Len=1470"
"516","3.448442024","10.0.0.6","10.0.0.11","UDP","1512","38118  >  5001 Len=1470"
"517","3.505465120","10.0.0.7","10.0.0.11","UDP","1512","36910  >  5001 Len=1470"
"518","3.452468825","10.0.0.6","10.0.0.11","UDP","1512","38118  >  5001 Len=1470"
"519","3.372416936","10.0.0.3","10.0.0.11","UDP","1512","46997  >  5001 Len=1470"
"520","3.456470037","10.0.0.6","10.0.0.11","UDP","1512","38118  >  5001 Len=1470"
"521","3.509496249","10.0.0.7","10.0.0.11","UDP","1512","36910  >  5001 Len=1470"
"522","3.376451892","10.0.0.3","10.0.0.11","UDP","1512","46997  >  5001 Len=1470"
"523","3.460453505","10.0.0.6","10.0.0.11","UDP","1512","38118  >  5001 Len=1470"
"524","3.463597225","10.0.0.6","10.0.0.11","UDP","1512","38118  >  5001 Len=1470"
"525","3.467497884","10.0.0.6","10.0.0.11","UDP","1512","38118  >  5001 Len=1470"
"526","3.471469344","10.0.0.6","10.0.0.11","UDP","1512","38118  >  5001 Len=1470"
"527","3.475464545","10.0.0.6","10.0.0.11","UDP","1512","38118  >  5001 Len=1470"
"528","3.478483037","10.0.0.6","10.0.0.11","UDP","1512","38118  >  5001 Len=1470"
"529","3.380430993","10.0.0.3","10.0.0.11","UDP","1512","46997  >  5001 Len=1470"
"530","3.513456575","10.0.0.7","10.0.0.11","UDP","1512","36910  >  5001 Len=1470"
"531","3.384419513","10.0.0.3","10.0.0.11","UDP","1512","46997  >  5001 Len=1470"
"532","3.387458645","10.0.0.3","10.0.0.11","UDP","1512","46997  >  5001 Len=1470"
"533","3.391496783","10.0.0.3","10.0.0.11","UDP","1512","46997  >  5001 Len=1470"
"534","3.395463032","10.0.0.3","10.0.0.11","UDP","1512","46997  >  5001 Len=1470"
"535","3.398507133","10.0.0.3","10.0.0.11","UDP","1512","46997  >  5001 Len=1470"
"536","3.402440707","10.0.0.3","10.0.0.11","UDP","1512","46997  >  5001 Len=1470"
"537","3.406443152","10.0.0.3","10.0.0.11","UDP","1512","46997  >  5001 Len=1470"
"538","3.409784094","10.0.0.3","10.0.0.11","UDP","1512","46997  >  5001 Len=1470"
"539","3.482445917","10.0.0.6","10.0.0.11","UDP","1512","38118  >  5001 Len=1470"
"540","3.486449894","10.0.0.6","10.0.0.11","UDP","1512","38118  >  5001 Len=1470"
"541","3.489445814","10.0.0.6","10.0.0.11","UDP","1512","38118  >  5001 Len=1470"
"542","3.493443760","10.0.0.6","10.0.0.11","UDP","1512","38118  >  5001 Len=1470"
"543","3.497442638","10.0.0.6","10.0.0.11","UDP","1512","38118  >  5001 Len=1470"
"544","3.672149700","10.0.0.10","10.0.0.11","UDP","1512","36945  >  5001 Len=1470"
"545","3.718349982","10.0.0.5","10.0.0.11","UDP","1512","40847  >  5001 Len=1470"
"546","3.660405916","10.0.0.3","10.0.0.11","UDP","1512","46997  >  5001 Len=1470"
"547","3.676175640","10.0.0.10","10.0.0.11","UDP","1512","36945  >  5001 Len=1470"
"548","3.690401964","10.0.0.4","10.0.0.11","UDP","1512","34886  >  5001 Len=1470"
"549","3.617521266","10.0.0.9","10.0.0.11","UDP","1512","52985  >  5001 Len=1470"
"550","3.620519411","10.0.0.9","10.0.0.11","UDP","1512","52985  >  5001 Len=1470"
"551","3.680175981","10.0.0.10","10.0.0.11","UDP","1512","36945  >  5001 Len=1470"
"552","3.624391849","10.0.0.9","10.0.0.11","UDP","1512","52985  >  5001 Len=1470"
"553","3.764349049","10.0.0.7","10.0.0.11","UDP","1512","36910  >  5001 Len=1470"
"554","3.628405464","10.0.0.9","10.0.0.11","UDP","1512","52985  >  5001 Len=1470"
"555","3.683221335","10.0.0.10","10.0.0.11","UDP","1512","36945  >  5001 Len=1470"
"556","3.632395636","10.0.0.9","10.0.0.11","UDP","1512","52985  >  5001 Len=1470"
"557","3.635407607","10.0.0.9","10.0.0.11","UDP","1512","52985  >  5001 Len=1470"
"558","3.687376159","10.0.0.10","10.0.0.11","UDP","1512","36945  >  5001 Len=1470"
"559","3.677175633","10.0.0.1","10.0.0.11","UDP","1512","41868  >  5001 Len=1470"
"560","3.798358633","10.0.0.8","10.0.0.11","UDP","1512","57783  >  5001 Len=1470"
"561","3.748338789","10.0.0.6","10.0.0.11","UDP","1512","38118  >  5001 Len=1470"
"562","3.691328567","10.0.0.10","10.0.0.11","UDP","1512","36945  >  5001 Len=1470"
"563","3.694610378","10.0.0.10","10.0.0.11","UDP","1512","36945  >  5001 Len=1470"
"564","3.698342539","10.0.0.10","10.0.0.11","UDP","1512","36945  >  5001 Len=1470"
"565","3.702367568","10.0.0.10","10.0.0.11","UDP","1512","36945  >  5001 Len=1470"
"566","3.706360865","10.0.0.10","10.0.0.11","UDP","1512","36945  >  5001 Len=1470"
"567","3.709553798","10.0.0.10","10.0.0.11","UDP","1512","36945  >  5001 Len=1470"
"568","3.713312241","10.0.0.10","10.0.0.11","UDP","1512","36945  >  5001 Len=1470"
"569","3.717321419","10.0.0.10","10.0.0.11","UDP","1512","36945  >  5001 Len=1470"
"570","3.721325707","10.0.0.10","10.0.0.11","UDP","1512","36945  >  5001 Len=1470"
"571","3.724320094","10.0.0.10","10.0.0.11","UDP","1512","36945  >  5001 Len=1470"
"572","3.722342251","10.0.0.2","10.0.0.11","UDP","1512","44642  >  5001 Len=1470"
"573","3.639397809","10.0.0.9","10.0.0.11","UDP","1512","52985  >  5001 Len=1470"
"574","3.643393130","10.0.0.9","10.0.0.11","UDP","1512","52985  >  5001 Len=1470"
"575","3.647425831","10.0.0.9","10.0.0.11","UDP","1512","52985  >  5001 Len=1470"
"576","3.728328370","10.0.0.10","10.0.0.11","UDP","1512","36945  >  5001 Len=1470"
"577","3.732320384","10.0.0.10","10.0.0.11","UDP","1512","36945  >  5001 Len=1470"
"578","3.736321286","10.0.0.10","10.0.0.11","UDP","1512","36945  >  5001 Len=1470"
"579","3.650398257","10.0.0.9","10.0.0.11","UDP","1512","52985  >  5001 Len=1470"
"580","3.654427490","10.0.0.9","10.0.0.11","UDP","1512","52985  >  5001 Len=1470"
"581","3.658434675","10.0.0.9","10.0.0.11","UDP","1512","52985  >  5001 Len=1470"
"582","3.662397896","10.0.0.9","10.0.0.11","UDP","1512","52985  >  5001 Len=1470"
"583","3.739348304","10.0.0.10","10.0.0.11","UDP","1512","36945  >  5001 Len=1470"
"584","3.743427416","10.0.0.10","10.0.0.11","UDP","1512","36945  >  5001 Len=1470"
"585","3.747379642","10.0.0.10","10.0.0.11","UDP","1512","36945  >  5001 Len=1470"
"586","3.751390977","10.0.0.10","10.0.0.11","UDP","1512","36945  >  5001 Len=1470"
"587","3.666165055","10.0.0.9","10.0.0.11","UDP","1512","52985  >  5001 Len=1470"
"588","3.669172166","10.0.0.9","10.0.0.11","UDP","1512","52985  >  5001 Len=1470"
"589","3.754321432","10.0.0.10","10.0.0.11","UDP","1512","36945  >  5001 Len=1470"
"590","3.673173769","10.0.0.9","10.0.0.11","UDP","1512","52985  >  5001 Len=1470"
"591","3.677190020","10.0.0.9","10.0.0.11","UDP","1512","52985  >  5001 Len=1470"
"592","3.758438554","10.0.0.10","10.0.0.11","UDP","1512","36945  >  5001 Len=1470"
"593","3.680174238","10.0.0.9","10.0.0.11","UDP","1512","52985  >  5001 Len=1470"
"594","3.762398907","10.0.0.10","10.0.0.11","UDP","1512","36945  >  5001 Len=1470"
"595","3.684184938","10.0.0.9","10.0.0.11","UDP","1512","52985  >  5001 Len=1470"
"596","3.766356939","10.0.0.10","10.0.0.11","UDP","1512","36945  >  5001 Len=1470"
"597","3.688219042","10.0.0.9","10.0.0.11","UDP","1512","52985  >  5001 Len=1470"
"598","3.692308993","10.0.0.9","10.0.0.11","UDP","1512","52985  >  5001 Len=1470"
"599","3.769330506","10.0.0.10","10.0.0.11","UDP","1512","36945  >  5001 Len=1470"
"600","3.773337660","10.0.0.10","10.0.0.11","UDP","1512","36945  >  5001 Len=1470"
"601","4.014640525","10.0.0.7","10.0.0.11","UDP","1512","36910  >  5001 Len=1470"
"602","3.927420384","10.0.0.1","10.0.0.11","UDP","1512","41868  >  5001 Len=1470"
"603","4.048640914","10.0.0.8","10.0.0.11","UDP","1512","57783  >  5001 Len=1470"
"604","3.999406588","10.0.0.6","10.0.0.11","UDP","1512","38118  >  5001 Len=1470"
"605","3.911491448","10.0.0.3","10.0.0.11","UDP","1512","46997  >  5001 Len=1470"
"606","3.973496523","10.0.0.2","10.0.0.11","UDP","1512","44642  >  5001 Len=1470"
"607","3.969506459","10.0.0.5","10.0.0.11","UDP","1512","40847  >  5001 Len=1470"
"608","3.941059025","10.0.0.4","10.0.0.11","UDP","1512","34886  >  5001 Len=1470"
"609","4.162385859","10.0.0.3","10.0.0.11","UDP","1512","46997  >  5001 Len=1470"
"610","4.224475322","10.0.0.2","10.0.0.11","UDP","1512","44642  >  5001 Len=1470"
"611","4.178355211","10.0.0.1","10.0.0.11","UDP","1512","41868  >  5001 Len=1470"
"612","4.429512739","10.0.0.1","10.0.0.11","UDP","1512","41868  >  5001 Len=1470"
"613","5.643187580","10.0.0.1","10.0.0.11","UDP","1512","58348  >  5001 Len=1470"
"614","5.647475865","10.0.0.1","10.0.0.11","UDP","1512","58348  >  5001 Len=1470"
"615","5.650513043","10.0.0.1","10.0.0.11","UDP","1512","58348  >  5001 Len=1470"
"616","5.654508594","10.0.0.1","10.0.0.11","UDP","1512","58348  >  5001 Len=1470"
"617","5.658477335","10.0.0.1","10.0.0.11","UDP","1512","58348  >  5001 Len=1470"
"618","5.662496084","10.0.0.1","10.0.0.11","UDP","1512","58348  >  5001 Len=1470"
"619","5.665481280","10.0.0.1","10.0.0.11","UDP","1512","58348  >  5001 Len=1470"
"620","5.669496128","10.0.0.1","10.0.0.11","UDP","1512","58348  >  5001 Len=1470"
"621","5.673920310","10.0.0.1","10.0.0.11","UDP","1512","58348  >  5001 Len=1470"
"622","5.677538930","10.0.0.1","10.0.0.11","UDP","1512","58348  >  5001 Len=1470"
"623","5.680560672","10.0.0.1","10.0.0.11","UDP","1512","58348  >  5001 Len=1470"
"624","5.684570300","10.0.0.1","10.0.0.11","UDP","1512","58348  >  5001 Len=1470"
"625","5.687838011","10.0.0.1","10.0.0.11","UDP","1512","58348  >  5001 Len=1470"
"626","5.692546995","10.0.0.1","10.0.0.11","UDP","1512","58348  >  5001 Len=1470"
"627","5.695408400","10.0.0.1","10.0.0.11","UDP","1512","58348  >  5001 Len=1470"
"628","5.699449298","10.0.0.1","10.0.0.11","UDP","1512","58348  >  5001 Len=1470"
"629","5.703408841","10.0.0.1","10.0.0.11","UDP","1512","58348  >  5001 Len=1470"
"630","5.706575766","10.0.0.1","10.0.0.11","UDP","1512","58348  >  5001 Len=1470"
"631","5.711086502","10.0.0.1","10.0.0.11","UDP","1512","58348  >  5001 Len=1470"
"632","5.714114703","10.0.0.1","10.0.0.11","UDP","1512","58348  >  5001 Len=1470"
"633","5.718391997","10.0.0.1","10.0.0.11","UDP","1512","58348  >  5001 Len=1470"
"634","5.722372360","10.0.0.1","10.0.0.11","UDP","1512","58348  >  5001 Len=1470"
"635","5.726218358","10.0.0.1","10.0.0.11","UDP","1512","58348  >  5001 Len=1470"
"636","5.729228706","10.0.0.1","10.0.0.11","UDP","1512","58348  >  5001 Len=1470"
"637","5.941929761","10.0.0.2","10.0.0.11","UDP","1512","46503  >  5001 Len=1470"
"638","5.733342783","10.0.0.1","10.0.0.11","UDP","1512","58348  >  5001 Len=1470"
"639","5.737337663","10.0.0.1","10.0.0.11","UDP","1512","58348  >  5001 Len=1470"
"640","5.946608976","10.0.0.2","10.0.0.11","UDP","1512","46503  >  5001 Len=1470"
"641","5.740338081","10.0.0.1","10.0.0.11","UDP","1512","58348  >  5001 Len=1470"
"642","5.949575942","10.0.0.2","10.0.0.11","UDP","1512","46503  >  5001 Len=1470"
"643","5.953609606","10.0.0.2","10.0.0.11","UDP","1512","46503  >  5001 Len=1470"
"644","5.957611099","10.0.0.2","10.0.0.11","UDP","1512","46503  >  5001 Len=1470"
"645","5.744364862","10.0.0.1","10.0.0.11","UDP","1512","58348  >  5001 Len=1470"
"646","5.960538530","10.0.0.2","10.0.0.11","UDP","1512","46503  >  5001 Len=1470"
"647","5.964544030","10.0.0.2","10.0.0.11","UDP","1512","46503  >  5001 Len=1470"
"648","5.968547826","10.0.0.2","10.0.0.11","UDP","1512","46503  >  5001 Len=1470"
"649","5.972561392","10.0.0.2","10.0.0.11","UDP","1512","46503  >  5001 Len=1470"
"650","5.975576970","10.0.0.2","10.0.0.11","UDP","1512","46503  >  5001 Len=1470"
"651","5.979542676","10.0.0.2","10.0.0.11","UDP","1512","46503  >  5001 Len=1470"
"652","6.233423240","10.0.0.7","10.0.0.11","UDP","1512","40793  >  5001 Len=1470"
"653","5.983548016","10.0.0.2","10.0.0.11","UDP","1512","46503  >  5001 Len=1470"
"654","5.995567693","10.0.0.1","10.0.0.11","UDP","1512","58348  >  5001 Len=1470"
"655","5.986549155","10.0.0.2","10.0.0.11","UDP","1512","46503  >  5001 Len=1470"
"656","5.990554746","10.0.0.2","10.0.0.11","UDP","1512","46503  >  5001 Len=1470"
"657","5.994572229","10.0.0.2","10.0.0.11","UDP","1512","46503  >  5001 Len=1470"
"658","5.998595252","10.0.0.2","10.0.0.11","UDP","1512","46503  >  5001 Len=1470"
"659","6.157137910","10.0.0.4","10.0.0.11","UDP","1512","39884  >  5001 Len=1470"
"660","6.237495469","10.0.0.7","10.0.0.11","UDP","1512","40793  >  5001 Len=1470"
"661","6.213927015","10.0.0.6","10.0.0.11","UDP","1512","60429  >  5001 Len=1470"
"662","6.218484990","10.0.0.6","10.0.0.11","UDP","1512","60429  >  5001 Len=1470"
"663","6.161322459","10.0.0.4","10.0.0.11","UDP","1512","39884  >  5001 Len=1470"
"664","6.187946152","10.0.0.5","10.0.0.11","UDP","1512","38223  >  5001 Len=1470"
"665","6.001544715","10.0.0.2","10.0.0.11","UDP","1512","46503  >  5001 Len=1470"
"666","6.005585809","10.0.0.2","10.0.0.11","UDP","1512","46503  >  5001 Len=1470"
"667","6.221468698","10.0.0.6","10.0.0.11","UDP","1512","60429  >  5001 Len=1470"
"668","6.192451492","10.0.0.5","10.0.0.11","UDP","1512","38223  >  5001 Len=1470"
"669","6.131203759","10.0.0.3","10.0.0.11","UDP","1512","55890  >  5001 Len=1470"
"670","6.225458550","10.0.0.6","10.0.0.11","UDP","1512","60429  >  5001 Len=1470"
"671","6.229454682","10.0.0.6","10.0.0.11","UDP","1512","60429  >  5001 Len=1470"
"672","6.232481480","10.0.0.6","10.0.0.11","UDP","1512","60429  >  5001 Len=1470"
"673","6.135330860","10.0.0.3","10.0.0.11","UDP","1512","55890  >  5001 Len=1470"
"674","6.139329996","10.0.0.3","10.0.0.11","UDP","1512","55890  >  5001 Len=1470"
"675","6.142305239","10.0.0.3","10.0.0.11","UDP","1512","55890  >  5001 Len=1470"
"676","6.146286002","10.0.0.3","10.0.0.11","UDP","1512","55890  >  5001 Len=1470"
"677","6.150296553","10.0.0.3","10.0.0.11","UDP","1512","55890  >  5001 Len=1470"
"678","6.154301963","10.0.0.3","10.0.0.11","UDP","1512","55890  >  5001 Len=1470"
"679","6.157312481","10.0.0.3","10.0.0.11","UDP","1512","55890  >  5001 Len=1470"
"680","6.161301260","10.0.0.3","10.0.0.11","UDP","1512","55890  >  5001 Len=1470"
"681","6.165293635","10.0.0.3","10.0.0.11","UDP","1512","55890  >  5001 Len=1470"
"682","6.009556468","10.0.0.2","10.0.0.11","UDP","1512","46503  >  5001 Len=1470"
"683","6.169289627","10.0.0.3","10.0.0.11","UDP","1512","55890  >  5001 Len=1470"
"684","6.172291539","10.0.0.3","10.0.0.11","UDP","1512","55890  >  5001 Len=1470"
"685","6.176458546","10.0.0.3","10.0.0.11","UDP","1512","55890  >  5001 Len=1470"
"686","6.165300708","10.0.0.4","10.0.0.11","UDP","1512","39884  >  5001 Len=1470"
"687","6.195533183","10.0.0.5","10.0.0.11","UDP","1512","38223  >  5001 Len=1470"
"688","6.168289033","10.0.0.4","10.0.0.11","UDP","1512","39884  >  5001 Len=1470"
"689","6.172290777","10.0.0.4","10.0.0.11","UDP","1512","39884  >  5001 Len=1470"
"690","6.013772396","10.0.0.2","10.0.0.11","UDP","1512","46503  >  5001 Len=1470"
"691","6.199490198","10.0.0.5","10.0.0.11","UDP","1512","38223  >  5001 Len=1470"
"692","6.176451983","10.0.0.4","10.0.0.11","UDP","1512","39884  >  5001 Len=1470"
"693","6.236497997","10.0.0.6","10.0.0.11","UDP","1512","60429  >  5001 Len=1470"
"694","6.017480303","10.0.0.2","10.0.0.11","UDP","1512","46503  >  5001 Len=1470"
"695","6.179502636","10.0.0.4","10.0.0.11","UDP","1512","39884  >  5001 Len=1470"
"696","6.183460406","10.0.0.4","10.0.0.11","UDP","1512","39884  >  5001 Len=1470"
"697","6.187471617","10.0.0.4","10.0.0.11","UDP","1512","39884  >  5001 Len=1470"
"698","6.191479683","10.0.0.4","10.0.0.11","UDP","1512","39884  >  5001 Len=1470"
"699","6.194472917","10.0.0.4","10.0.0.11","UDP","1512","39884  >  5001 Len=1470"
"700","6.198484160","10.0.0.4","10.0.0.11","UDP","1512","39884  >  5001 Len=1470"
"701","6.202465795","10.0.0.4","10.0.0.11","UDP","1512","39884  >  5001 Len=1470"
"702","6.206473459","10.0.0.4","10.0.0.11","UDP","1512","39884  >  5001 Len=1470"
"703","6.020481833","10.0.0.2","10.0.0.11","UDP","1512","46503  >  5001 Len=1470"
"704","6.203511233","10.0.0.5","10.0.0.11","UDP","1512","38223  >  5001 Len=1470"
"705","6.206465835","10.0.0.5","10.0.0.11","UDP","1512","38223  >  5001 Len=1470"
"706","6.210462398","10.0.0.5","10.0.0.11","UDP","1512","38223  >  5001 Len=1470"
"707","6.180455961","10.0.0.3","10.0.0.11","UDP","1512","55890  >  5001 Len=1470"
"708","6.213995301","10.0.0.5","10.0.0.11","UDP","1512","38223  >  5001 Len=1470"
"709","6.218500410","10.0.0.5","10.0.0.11","UDP","1512","38223  >  5001 Len=1470"
"710","6.209466734","10.0.0.4","10.0.0.11","UDP","1512","39884  >  5001 Len=1470"
"711","6.213464680","10.0.0.4","10.0.0.11","UDP","1512","39884  >  5001 Len=1470"
"712","6.221455363","10.0.0.5","10.0.0.11","UDP","1512","38223  >  5001 Len=1470"
"713","6.217474578","10.0.0.4","10.0.0.11","UDP","1512","39884  >  5001 Len=1470"
"714","6.225460684","10.0.0.5","10.0.0.11","UDP","1512","38223  >  5001 Len=1470"
"715","6.220464638","10.0.0.4","10.0.0.11","UDP","1512","39884  >  5001 Len=1470"
"716","6.229460550","10.0.0.5","10.0.0.11","UDP","1512","38223  >  5001 Len=1470"
"717","6.224464148","10.0.0.4","10.0.0.11","UDP","1512","39884  >  5001 Len=1470"
"718","6.233233574","10.0.0.5","10.0.0.11","UDP","1512","38223  >  5001 Len=1470"
"719","6.228456984","10.0.0.4","10.0.0.11","UDP","1512","39884  >  5001 Len=1470"
"720","6.236466692","10.0.0.5","10.0.0.11","UDP","1512","38223  >  5001 Len=1470"
"721","6.232472433","10.0.0.4","10.0.0.11","UDP","1512","39884  >  5001 Len=1470"
"722","6.235489843","10.0.0.4","10.0.0.11","UDP","1512","39884  >  5001 Len=1470"
"723","6.024468529","10.0.0.2","10.0.0.11","UDP","1512","46503  >  5001 Len=1470"
"724","6.239534996","10.0.0.4","10.0.0.11","UDP","1512","39884  >  5001 Len=1470"
"725","6.183478681","10.0.0.3","10.0.0.11","UDP","1512","55890  >  5001 Len=1470"
"726","6.028283049","10.0.0.2","10.0.0.11","UDP","1512","46503  >  5001 Len=1470"
"727","6.031501690","10.0.0.2","10.0.0.11","UDP","1512","46503  >  5001 Len=1470"
"728","6.187494411","10.0.0.3","10.0.0.11","UDP","1512","55890  >  5001 Len=1470"
"729","6.035499976","10.0.0.2","10.0.0.11","UDP","1512","46503  >  5001 Len=1470"
"730","6.191513727","10.0.0.3","10.0.0.11","UDP","1512","55890  >  5001 Len=1470"
"731","6.039615385","10.0.0.2","10.0.0.11","UDP","1512","46503  >  5001 Len=1470"
"732","6.195461098","10.0.0.3","10.0.0.11","UDP","1512","55890  >  5001 Len=1470"
"733","6.042607357","10.0.0.2","10.0.0.11","UDP","1512","46503  >  5001 Len=1470"
"734","6.198483218","10.0.0.3","10.0.0.11","UDP","1512","55890  >  5001 Len=1470"
"735","6.047402622","10.0.0.2","10.0.0.11","UDP","1512","46503  >  5001 Len=1470"
"736","6.202461296","10.0.0.3","10.0.0.11","UDP","1512","55890  >  5001 Len=1470"
"737","6.206461947","10.0.0.3","10.0.0.11","UDP","1512","55890  >  5001 Len=1470"
"738","6.209494617","10.0.0.3","10.0.0.11","UDP","1512","55890  >  5001 Len=1470"
"739","6.213468477","10.0.0.3","10.0.0.11","UDP","1512","55890  >  5001 Len=1470"
"740","6.217463067","10.0.0.3","10.0.0.11","UDP","1512","55890  >  5001 Len=1470"
"741","6.221460012","10.0.0.3","10.0.0.11","UDP","1512","55890  >  5001 Len=1470"
"742","6.225467377","10.0.0.3","10.0.0.11","UDP","1512","55890  >  5001 Len=1470"
"743","6.228461233","10.0.0.3","10.0.0.11","UDP","1512","55890  >  5001 Len=1470"
"744","6.232188205","10.0.0.3","10.0.0.11","UDP","1512","55890  >  5001 Len=1470"
"745","6.492902175","10.0.0.10","10.0.0.11","UDP","1512","55106  >  5001 Len=1470"
"746","6.482883785","10.0.0.3","10.0.0.11","UDP","1512","55890  >  5001 Len=1470"
"747","6.297521160","10.0.0.2","10.0.0.11","UDP","1512","46503  >  5001 Len=1470"
"748","6.240478845","10.0.0.5","10.0.0.11","UDP","1512","38223  >  5001 Len=1470"
"749","6.241471581","10.0.0.7","10.0.0.11","UDP","1512","40793  >  5001 Len=1470"
"750","6.244465050","10.0.0.5","10.0.0.11","UDP","1512","38223  >  5001 Len=1470"
"751","6.240489215","10.0.0.6","10.0.0.11","UDP","1512","60429  >  5001 Len=1470"
"752","6.243503219","10.0.0.4","10.0.0.11","UDP","1512","39884  >  5001 Len=1470"
"753","6.246473031","10.0.0.1","10.0.0.11","UDP","1512","58348  >  5001 Len=1470"
"754","6.244494095","10.0.0.6","10.0.0.11","UDP","1512","60429  >  5001 Len=1470"
"755","6.247542003","10.0.0.6","10.0.0.11","UDP","1512","60429  >  5001 Len=1470"
"756","6.251478714","10.0.0.6","10.0.0.11","UDP","1512","60429  >  5001 Len=1470"
"757","6.267158147","10.0.0.8","10.0.0.11","UDP","1512","36727  >  5001 Len=1470"
"758","6.244482443","10.0.0.7","10.0.0.11","UDP","1512","40793  >  5001 Len=1470"
"759","6.247497049","10.0.0.4","10.0.0.11","UDP","1512","39884  >  5001 Len=1470"
"760","6.411680510","10.0.0.9","10.0.0.11","UDP","1512","39541  >  5001 Len=1470"
"761","6.248484603","10.0.0.5","10.0.0.11","UDP","1512","38223  >  5001 Len=1470"
"762","6.250476858","10.0.0.4","10.0.0.11","UDP","1512","39884  >  5001 Len=1470"
"763","6.271497660","10.0.0.8","10.0.0.11","UDP","1512","36727  >  5001 Len=1470"
"764","6.254493379","10.0.0.4","10.0.0.11","UDP","1512","39884  >  5001 Len=1470"
"765","6.274572650","10.0.0.8","10.0.0.11","UDP","1512","36727  >  5001 Len=1470"
"766","6.258511894","10.0.0.4","10.0.0.11","UDP","1512","39884  >  5001 Len=1470"
"767","6.278358124","10.0.0.8","10.0.0.11","UDP","1512","36727  >  5001 Len=1470"
"768","6.282482329","10.0.0.8","10.0.0.11","UDP","1512","36727  >  5001 Len=1470"
"769","6.248467055","10.0.0.7","10.0.0.11","UDP","1512","40793  >  5001 Len=1470"
"770","6.286488190","10.0.0.8","10.0.0.11","UDP","1512","36727  >  5001 Len=1470"
"771","6.289470714","10.0.0.8","10.0.0.11","UDP","1512","36727  >  5001 Len=1470"
"772","6.251536373","10.0.0.5","10.0.0.11","UDP","1512","38223  >  5001 Len=1470"
"773","6.293470463","10.0.0.8","10.0.0.11","UDP","1512","36727  >  5001 Len=1470"
"774","6.255501427","10.0.0.5","10.0.0.11","UDP","1512","38223  >  5001 Len=1470"
"775","6.259485226","10.0.0.5","10.0.0.11","UDP","1512","38223  >  5001 Len=1470"
"776","6.263516786","10.0.0.5","10.0.0.11","UDP","1512","38223  >  5001 Len=1470"
"777","6.255525151","10.0.0.6","10.0.0.11","UDP","1512","60429  >  5001 Len=1470"
"778","6.416537142","10.0.0.9","10.0.0.11","UDP","1512","39541  >  5001 Len=1470"
"779","6.297510339","10.0.0.8","10.0.0.11","UDP","1512","36727  >  5001 Len=1470"
"780","6.252468995","10.0.0.7","10.0.0.11","UDP","1512","40793  >  5001 Len=1470"
"781","6.301485914","10.0.0.8","10.0.0.11","UDP","1512","36727  >  5001 Len=1470"
"782","6.304479109","10.0.0.8","10.0.0.11","UDP","1512","36727  >  5001 Len=1470"
"783","6.259492019","10.0.0.6","10.0.0.11","UDP","1512","60429  >  5001 Len=1470"
"784","6.308478838","10.0.0.8","10.0.0.11","UDP","1512","36727  >  5001 Len=1470"
"785","6.262490213","10.0.0.6","10.0.0.11","UDP","1512","60429  >  5001 Len=1470"
"786","6.312482725","10.0.0.8","10.0.0.11","UDP","1512","36727  >  5001 Len=1470"
"787","6.266487508","10.0.0.6","10.0.0.11","UDP","1512","60429  >  5001 Len=1470"
"788","6.316482705","10.0.0.8","10.0.0.11","UDP","1512","36727  >  5001 Len=1470"
"789","6.270511653","10.0.0.6","10.0.0.11","UDP","1512","60429  >  5001 Len=1470"
"790","6.319505175","10.0.0.8","10.0.0.11","UDP","1512","36727  >  5001 Len=1470"
"791","6.418546796","10.0.0.9","10.0.0.11","UDP","1512","39541  >  5001 Len=1470"
"792","6.323487553","10.0.0.8","10.0.0.11","UDP","1512","36727  >  5001 Len=1470"
"793","6.327485779","10.0.0.8","10.0.0.11","UDP","1512","36727  >  5001 Len=1470"
"794","6.331525024","10.0.0.8","10.0.0.11","UDP","1512","36727  >  5001 Len=1470"
"795","6.334507067","10.0.0.8","10.0.0.11","UDP","1512","36727  >  5001 Len=1470"
"796","6.338506546","10.0.0.8","10.0.0.11","UDP","1512","36727  >  5001 Len=1470"
"797","6.342492629","10.0.0.8","10.0.0.11","UDP","1512","36727  >  5001 Len=1470"
"798","6.345487528","10.0.0.8","10.0.0.11","UDP","1512","36727  >  5001 Len=1470"
"799","6.423577732","10.0.0.9","10.0.0.11","UDP","1512","39541  >  5001 Len=1470"
"800","6.349490364","10.0.0.8","10.0.0.11","UDP","1512","36727  >  5001 Len=1470"
"801","6.426919711","10.0.0.9","10.0.0.11","UDP","1512","39541  >  5001 Len=1470"
"802","6.353490835","10.0.0.8","10.0.0.11","UDP","1512","36727  >  5001 Len=1470"
"803","6.274528356","10.0.0.6","10.0.0.11","UDP","1512","60429  >  5001 Len=1470"
"804","6.357522760","10.0.0.8","10.0.0.11","UDP","1512","36727  >  5001 Len=1470"
"805","6.430929084","10.0.0.9","10.0.0.11","UDP","1512","39541  >  5001 Len=1470"
"806","6.360503937","10.0.0.8","10.0.0.11","UDP","1512","36727  >  5001 Len=1470"
"807","6.434898551","10.0.0.9","10.0.0.11","UDP","1512","39541  >  5001 Len=1470"
"808","6.364503636","10.0.0.8","10.0.0.11","UDP","1512","36727  >  5001 Len=1470"
"809","6.437852271","10.0.0.9","10.0.0.11","UDP","1512","39541  >  5001 Len=1470"
"810","6.368500460","10.0.0.8","10.0.0.11","UDP","1512","36727  >  5001 Len=1470"
"811","6.277487095","10.0.0.6","10.0.0.11","UDP","1512","60429  >  5001 Len=1470"
"812","6.441836210","10.0.0.9","10.0.0.11","UDP","1512","39541  >  5001 Len=1470"
"813","6.445850188","10.0.0.9","10.0.0.11","UDP","1512","39541  >  5001 Len=1470"
"814","6.266476777","10.0.0.5","10.0.0.11","UDP","1512","38223  >  5001 Len=1470"
"815","6.256463845","10.0.0.7","10.0.0.11","UDP","1512","40793  >  5001 Len=1470"
"816","6.281478890","10.0.0.6","10.0.0.11","UDP","1512","60429  >  5001 Len=1470"
"817","6.285474541","10.0.0.6","10.0.0.11","UDP","1512","60429  >  5001 Len=1470"
"818","6.288481372","10.0.0.6","10.0.0.11","UDP","1512","60429  >  5001 Len=1470"
"819","6.292469269","10.0.0.6","10.0.0.11","UDP","1512","60429  >  5001 Len=1470"
"820","6.296472385","10.0.0.6","10.0.0.11","UDP","1512","60429  >  5001 Len=1470"
"821","6.300488847","10.0.0.6","10.0.0.11","UDP","1512","60429  >  5001 Len=1470"
"822","6.303526957","10.0.0.6","10.0.0.11","UDP","1512","60429  >  5001 Len=1470"
"823","6.307513581","10.0.0.6","10.0.0.11","UDP","1512","60429  >  5001 Len=1470"
"824","6.311517027","10.0.0.6","10.0.0.11","UDP","1512","60429  >  5001 Len=1470"
"825","6.259531270","10.0.0.7","10.0.0.11","UDP","1512","40793  >  5001 Len=1470"
"826","6.315509523","10.0.0.6","10.0.0.11","UDP","1512","60429  >  5001 Len=1470"
"827","6.263487701","10.0.0.7","10.0.0.11","UDP","1512","40793  >  5001 Len=1470"
"828","6.267392962","10.0.0.7","10.0.0.11","UDP","1512","40793  >  5001 Len=1470"
"829","6.271514531","10.0.0.7","10.0.0.11","UDP","1512","40793  >  5001 Len=1470"
"830","6.274496746","10.0.0.7","10.0.0.11","UDP","1512","40793  >  5001 Len=1470"
"831","6.278511805","10.0.0.7","10.0.0.11","UDP","1512","40793  >  5001 Len=1470"
"832","6.282501345","10.0.0.7","10.0.0.11","UDP","1512","40793  >  5001 Len=1470"
"833","6.286504360","10.0.0.7","10.0.0.11","UDP","1512","40793  >  5001 Len=1470"
"834","6.289472207","10.0.0.7","10.0.0.11","UDP","1512","40793  >  5001 Len=1470"
"835","6.448840467","10.0.0.9","10.0.0.11","UDP","1512","39541  >  5001 Len=1470"
"836","6.270482278","10.0.0.5","10.0.0.11","UDP","1512","38223  >  5001 Len=1470"
"837","6.293473699","10.0.0.7","10.0.0.11","UDP","1512","40793  >  5001 Len=1470"
"838","6.274501455","10.0.0.5","10.0.0.11","UDP","1512","38223  >  5001 Len=1470"
"839","6.452871676","10.0.0.9","10.0.0.11","UDP","1512","39541  >  5001 Len=1470"
"840","6.277473640","10.0.0.5","10.0.0.11","UDP","1512","38223  >  5001 Len=1470"
"841","6.456848532","10.0.0.9","10.0.0.11","UDP","1512","39541  >  5001 Len=1470"
"842","6.281486184","10.0.0.5","10.0.0.11","UDP","1512","38223  >  5001 Len=1470"
"843","6.297484120","10.0.0.7","10.0.0.11","UDP","1512","40793  >  5001 Len=1470"
"844","6.301493018","10.0.0.7","10.0.0.11","UDP","1512","40793  >  5001 Len=1470"
"845","6.304488707","10.0.0.7","10.0.0.11","UDP","1512","40793  >  5001 Len=1470"
"846","6.308488526","10.0.0.7","10.0.0.11","UDP","1512","40793  >  5001 Len=1470"
"847","6.312490740","10.0.0.7","10.0.0.11","UDP","1512","40793  >  5001 Len=1470"
"848","6.315478464","10.0.0.7","10.0.0.11","UDP","1512","40793  >  5001 Len=1470"
"849","6.460841970","10.0.0.9","10.0.0.11","UDP","1512","39541  >  5001 Len=1470"
"850","6.319502630","10.0.0.7","10.0.0.11","UDP","1512","40793  >  5001 Len=1470"
"851","6.285474952","10.0.0.5","10.0.0.11","UDP","1512","38223  >  5001 Len=1470"
"852","6.323486150","10.0.0.7","10.0.0.11","UDP","1512","40793  >  5001 Len=1470"
"853","6.327479678","10.0.0.7","10.0.0.11","UDP","1512","40793  >  5001 Len=1470"
"854","6.463864019","10.0.0.9","10.0.0.11","UDP","1512","39541  >  5001 Len=1470"
"855","6.289477256","10.0.0.5","10.0.0.11","UDP","1512","38223  >  5001 Len=1470"
"856","6.467845213","10.0.0.9","10.0.0.11","UDP","1512","39541  >  5001 Len=1470"
"857","6.471889408","10.0.0.9","10.0.0.11","UDP","1512","39541  >  5001 Len=1470"
"858","6.330544358","10.0.0.7","10.0.0.11","UDP","1512","40793  >  5001 Len=1470"
"859","6.475867467","10.0.0.9","10.0.0.11","UDP","1512","39541  >  5001 Len=1470"
"860","6.478863066","10.0.0.9","10.0.0.11","UDP","1512","39541  >  5001 Len=1470"
"861","6.482929751","10.0.0.9","10.0.0.11","UDP","1512","39541  >  5001 Len=1470"
"862","6.486810606","10.0.0.9","10.0.0.11","UDP","1512","39541  >  5001 Len=1470"
"863","6.490864848","10.0.0.9","10.0.0.11","UDP","1512","39541  >  5001 Len=1470"
"864","6.334515623","10.0.0.7","10.0.0.11","UDP","1512","40793  >  5001 Len=1470"
"865","6.493822056","10.0.0.9","10.0.0.11","UDP","1512","39541  >  5001 Len=1470"
"866","6.618853853","10.0.0.8","10.0.0.11","UDP","1512","36727  >  5001 Len=1470"
"867","6.547831601","10.0.0.2","10.0.0.11","UDP","1512","46503  >  5001 Len=1470"
"868","6.496836742","10.0.0.1","10.0.0.11","UDP","1512","58348  >  5001 Len=1470"
"869","6.747513549","10.0.0.1","10.0.0.11","UDP","1512","58348  >  5001 Len=1470"
"870","6.565823161","10.0.0.6","10.0.0.11","UDP","1512","60429  >  5001 Len=1470"
"871","6.497806708","10.0.0.9","10.0.0.11","UDP","1512","39541  >  5001 Len=1470"
"872","6.508821212","10.0.0.4","10.0.0.11","UDP","1512","39884  >  5001 Len=1470"
"873","6.539875849","10.0.0.5","10.0.0.11","UDP","1512","38223  >  5001 Len=1470"
"874","6.733895533","10.0.0.3","10.0.0.11","UDP","1512","55890  >  5001 Len=1470"
"875","6.584859197","10.0.0.7","10.0.0.11","UDP","1512","40793  >  5001 Len=1470"
"876","6.497832807","10.0.0.10","10.0.0.11","UDP","1512","55106  >  5001 Len=1470"
"877","6.501799103","10.0.0.9","10.0.0.11","UDP","1512","39541  >  5001 Len=1470"
"878","6.505804824","10.0.0.9","10.0.0.11","UDP","1512","39541  >  5001 Len=1470"
"879","6.499812834","10.0.0.10","10.0.0.11","UDP","1512","55106  >  5001 Len=1470"
"880","6.508818056","10.0.0.9","10.0.0.11","UDP","1512","39541  >  5001 Len=1470"
"881","6.512448707","10.0.0.9","10.0.0.11","UDP","1512","39541  >  5001 Len=1470"
"882","6.504802677","10.0.0.10","10.0.0.11","UDP","1512","55106  >  5001 Len=1470"
"883","6.507795401","10.0.0.10","10.0.0.11","UDP","1512","55106  >  5001 Len=1470"
"884","6.511812620","10.0.0.10","10.0.0.11","UDP","1512","55106  >  5001 Len=1470"
"885","6.515807744","10.0.0.10","10.0.0.11","UDP","1512","55106  >  5001 Len=1470"
"886","6.518965518","10.0.0.10","10.0.0.11","UDP","1512","55106  >  5001 Len=1470"
"887","6.522864076","10.0.0.10","10.0.0.11","UDP","1512","55106  >  5001 Len=1470"
"888","6.526845382","10.0.0.10","10.0.0.11","UDP","1512","55106  >  5001 Len=1470"
"889","6.530195554","10.0.0.10","10.0.0.11","UDP","1512","55106  >  5001 Len=1470"
"890","6.534908102","10.0.0.10","10.0.0.11","UDP","1512","55106  >  5001 Len=1470"
"891","6.537850255","10.0.0.10","10.0.0.11","UDP","1512","55106  >  5001 Len=1470"
"892","6.541838364","10.0.0.10","10.0.0.11","UDP","1512","55106  >  5001 Len=1470"
"893","6.545835844","10.0.0.10","10.0.0.11","UDP","1512","55106  >  5001 Len=1470"
"894","6.548841362","10.0.0.10","10.0.0.11","UDP","1512","55106  >  5001 Len=1470"
"895","6.552814511","10.0.0.10","10.0.0.11","UDP","1512","55106  >  5001 Len=1470"
"896","6.556817727","10.0.0.10","10.0.0.11","UDP","1512","55106  >  5001 Len=1470"
"897","6.560819019","10.0.0.10","10.0.0.11","UDP","1512","55106  >  5001 Len=1470"
"898","6.563812575","10.0.0.10","10.0.0.11","UDP","1512","55106  >  5001 Len=1470"
"899","6.567822826","10.0.0.10","10.0.0.11","UDP","1512","55106  >  5001 Len=1470"
"900","6.571839247","10.0.0.10","10.0.0.11","UDP","1512","55106  >  5001 Len=1470"
"901","6.575817385","10.0.0.10","10.0.0.11","UDP","1512","55106  >  5001 Len=1470"
"902","6.578837921","10.0.0.10","10.0.0.11","UDP","1512","55106  >  5001 Len=1470"
"903","6.582880627","10.0.0.10","10.0.0.11","UDP","1512","55106  >  5001 Len=1470"
"904","6.586877326","10.0.0.10","10.0.0.11","UDP","1512","55106  >  5001 Len=1470"
"905","6.590871351","10.0.0.10","10.0.0.11","UDP","1512","55106  >  5001 Len=1470"
"906","6.593848460","10.0.0.10","10.0.0.11","UDP","1512","55106  >  5001 Len=1470"
"907","6.597826007","10.0.0.10","10.0.0.11","UDP","1512","55106  >  5001 Len=1470"
"908","6.759489010","10.0.0.4","10.0.0.11","UDP","1512","39884  >  5001 Len=1470"
"909","6.984497546","10.0.0.3","10.0.0.11","UDP","1512","55890  >  5001 Len=1470"
"910","6.998525279","10.0.0.1","10.0.0.11","UDP","1512","58348  >  5001 Len=1470"
"911","6.790514947","10.0.0.5","10.0.0.11","UDP","1512","38223  >  5001 Len=1470"
"912","6.816528187","10.0.0.6","10.0.0.11","UDP","1512","60429  >  5001 Len=1470"
"913","6.835533987","10.0.0.7","10.0.0.11","UDP","1512","40793  >  5001 Len=1470"
"914","6.798540717","10.0.0.2","10.0.0.11","UDP","1512","46503  >  5001 Len=1470"
"915","6.869521911","10.0.0.8","10.0.0.11","UDP","1512","36727  >  5001 Len=1470"
"916","7.049502220","10.0.0.2","10.0.0.11","UDP","1512","46503  >  5001 Len=1470"
"917","7.249375069","10.0.0.1","10.0.0.11","UDP","1512","58348  >  5001 Len=1470"
"918","7.499533765","10.0.0.1","10.0.0.11","UDP","1512","58348  >  5001 Len=1470"
